symbol,qualified,sector,fundamentals,technical,forecast,market,regime_status,composite_base,composite_final,coverage,beta_millis,forward_pe_hundredths,ev_ebitda_hundredths,price_to_book_hundredths,return_on_equity_bps,close_cents,ema20_cents,ema50_cents,ema200_cents,stance,t_quality,w_quality,t_lowbeta,w_lowbeta,t_value,w_value,t_oversoldqual,w_oversoldqual,t_extension,w_extension,t_trend,w_trend,t_defensive,w_defensive,t_growth,w_growth,t_liquidity,w_liquidity
"WFC",0,"Financial Services",54,39,32,40,"Included",50,55,4,920,1106,,164,1258,8739,8689,8516,8342,"HoldTrim",1.0,0.5,0.5111111111111111,0.4,0.9185185185185184,0.3,-0.3461354551007064,0.1,-0.1434567679045927,0.8,1.0,0.3,,,,,0.5333333333333332,0.3
"SNDK",1,"Technology",39,-4,74,38,"Included",46,52,4,,473,1424,1347,9164,125407,137528,148101,102383,"HoldTrim",1.0,0.5,,,0.04550264550264551,0.3,0.11246746770157534,0.1,0.3706391656187164,0.8,0.0,0.3,,,0.7,0.2,0.5333333333333332,0.3
"HIG",0,"Financial Services",60,37,14,37,"Included",47,52,4,458,1025,698,197,2206,14029,14117,13834,13519,"HoldTrim",0.7153157583033213,0.5,1.0,0.4,0.9290123456790126,0.3,-0.2495015815584548,0.1,-0.18582168509522742,0.8,0.5999999999999999,0.3,,,,,0.42463057708480667,0.3
"NEM",0,"Basic Materials",41,62,26,14,"Included",53,51,4,500,1111,705,353,2591,11732,10153,10066,10052,"HoldTrim",0.5545338812839385,0.5,1.0,0.4,0.612825788751715,0.3,-0.8080654064127577,0.1,-1.0,0.8,1.0,0.3,,,,,0.5333333333333332,0.3
"AIZ",0,"Financial Services",55,50,10,29,"Included",48,51,4,543,1229,826,230,1834,28463,28264,27198,24466,"HoldTrim",0.7536275145055031,0.5,1.0,0.4,0.7442092886537333,0.3,-0.5646437887289708,0.1,-0.4181859171869118,0.8,1.0,0.3,,,,,0.007187052448754616,0.3
"GL",0,"Financial Services",53,47,12,26,"Included",47,50,4,472,1105,1015,228,2094,18249,18126,17480,15624,"HoldTrim",0.6715048359427727,0.5,1.0,0.4,0.6819321967470116,0.3,-0.5608294770606022,0.1,-0.466621605416078,0.8,1.0,0.3,,,,,0.01101174866110921,0.3
"ALL",0,"Financial Services",63,45,0,33,"Included",46,50,4,156,965,420,212,4611,26488,26098,24727,22310,"HoldTrim",0.8369084758203708,0.5,1.0,0.4,0.9695473251028806,0.3,-0.6132801790114173,0.1,-0.5904165474061798,0.8,1.0,0.3,,,,,0.5333333333333332,0.3
"INCY",0,"Healthcare",53,58,-5,31,"Included",45,49,4,769,1359,1037,382,3067,12068,11908,11360,10199,"HoldTrim",0.8978956337084447,0.5,0.8466666666666667,0.4,0.31542230060748594,0.3,-0.5256927972244416,0.1,-0.470921866697292,0.8,1.0,0.3,0.8,0.3,,,0.2371968439059251,0.3
"PNC",0,"Financial Services",29,50,31,28,"Included",45,48,4,898,1180,,175,1262,25198,25092,24410,22327,"HoldTrim",0.7011111111111112,0.5,0.56,0.4,0.8575102880658435,0.3,-0.5992148524074681,0.1,-0.4628837459023075,0.8,1.0,0.3,,,,,0.5333333333333332,0.3
"COF",0,"Financial Services",39,31,39,30,"Included",44,47,4,1016,915,,131,903,22002,21252,20507,20427,"HoldTrim",0.9461111111111111,0.5,0.2977777777777777,0.4,1.0,0.3,-0.5186641673744772,0.1,-0.4459406101473732,0.8,1.0,0.3,,,,,0.5333333333333332,0.3
"COP",0,"Energy",25,48,36,18,"Included",46,47,4,123,1329,610,228,1418,12409,11744,11576,11053,"HoldTrim",0.08421854189382756,0.5,1.0,0.4,0.8347638643934938,0.3,-0.826522347397099,0.1,-0.6432236532276034,0.8,1.0,0.3,,,,,0.5333333333333332,0.3
"BAC",0,"Financial Services",51,50,33,13,"Included",50,47,4,1168,1205,,162,1120,6383,6200,5934,5430,"HoldTrim",1.0,0.5,-0.040000000000000036,0.4,0.8833333333333331,0.3,-0.9459859639774298,0.1,-0.8989264326827299,0.8,1.0,0.3,,,,,0.5333333333333332,0.3
"OMC",0,"Communication Services",38,40,19,27,"Included",42,46,4,660,701,877,219,605,8438,8166,7948,7716,"HoldTrim",0.5049019607843138,0.5,1.0,0.4,0.8552910052910052,0.3,-0.735581611743046,0.1,-0.5737533153264964,0.8,1.0,0.3,,,0.7,0.2,0.21435736162715524,0.3
"CINF",0,"Financial Services",57,22,3,41,"Included",37,46,4,554,1914,588,159,2148,17297,17797,17592,16699,"HoldTrim",0.6878155759592849,0.5,1.0,0.4,0.8073388203017831,0.3,0.37536822542504455,0.1,0.268846527051893,0.8,0.0,0.3,,,,,0.2708719342353354,0.3
"CVX",0,"Energy",24,45,33,23,"Included",44,46,4,488,1510,822,202,1223,19577,18925,18616,17840,"HoldTrim",0.11451512098712066,0.5,1.0,0.4,0.7210856359004507,0.3,-0.6674727127649391,0.1,-0.4564672258648856,0.8,1.0,0.3,,,,,0.5333333333333332,0.3
"MCK",0,"Healthcare",4,57,38,26,"Included",43,46,4,307,1777,1586,,,89872,85118,82521,81103,"HoldTrim",0.7982869472596774,0.5,1.0,0.4,0.03762492651381535,0.3,-0.7472042829104013,0.1,-0.6860399550241519,0.8,1.0,0.3,0.8,0.3,,,0.5333333333333332,0.3
"USB",0,"Financial Services",30,52,27,23,"Included",44,46,4,977,1106,,165,1262,6401,6337,6132,5583,"HoldTrim",0.7011111111111112,0.5,0.3844444444444446,0.4,0.9157407407407406,0.3,-0.7074591306900744,0.1,-0.5736669093253207,0.8,1.0,0.3,,,,,0.5333333333333332,0.3
"TRV",0,"Financial Services",59,55,-21,32,"Included",41,46,4,457,1244,717,237,2651,37572,37144,34925,31107,"HoldTrim",0.8910788073317417,0.5,1.0,0.4,0.7848030570252793,0.3,-0.5266828851265908,0.1,-0.6155141267592703,0.8,1.0,0.3,,,,,0.5333333333333332,0.3
"FANG",0,"Energy",27,26,42,24,"Included",42,45,4,419,1121,628,149,349,20129,19442,19257,17835,"HoldTrim",-0.01603451882481603,0.5,1.0,0.4,1.0,0.3,-0.2666799443129477,0.1,-0.46827082265271325,0.8,1.0,0.3,,,,,0.5333333333333332,0.3
"ACGL",0,"Financial Services",35,26,20,38,"Included",37,45,4,288,1003,612,143,1994,9798,9997,9856,9543,"HoldTrim",0.6125343931246262,0.5,1.0,0.4,1.0,0.3,0.1368472588158658,0.1,0.09900192057971854,0.8,0.0,0.3,,,,,0.36662473644023374,0.3
"CFG",0,"Financial Services",24,54,34,20,"Included",45,45,4,1006,1114,,127,827,7257,7204,6988,6290,"HoldTrim",0.45944444444444427,0.5,0.31999999999999984,0.4,1.0,0.3,-0.6252182484336244,0.1,-0.48775920506614634,0.8,1.0,0.3,,,,,0.329463412931438,0.3
"BMY",0,"Healthcare",33,58,1,27,"Included",41,45,4,225,974,879,584,4660,6384,6285,6050,5639,"HoldTrim",0.4679357236530162,0.5,1.0,0.4,0.28612580834803064,0.3,-0.5948750262307094,0.1,-0.5259451606842046,0.8,1.0,0.3,0.8,0.3,,,0.5333333333333332,0.3
"HAL",1,"Energy",41,-3,42,34,"Included",37,44,4,753,1164,827,256,1492,3386,3305,3462,3344,"HoldTrim",0.41896121260863517,0.5,0.8822222222222222,0.4,0.7133646874387614,0.3,-0.38721857617472544,0.1,0.06875041617150233,0.8,0.5999999999999999,0.3,,,,,0.29625108228029795,0.3
"GEHC",0,"Healthcare",30,31,33,22,"Included",41,44,4,817,1346,1159,300,1938,7279,6813,6642,7018,"HoldTrim",0.4030092550265381,0.5,0.74,0.4,0.40629041740152855,0.3,-0.4840152173543322,0.1,-0.5144853400104649,0.8,0.8,0.3,0.8,0.3,,,0.3597144298196633,0.3
"ABBV",0,"Healthcare",15,42,28,31,"Included",38,44,4,280,1527,1634,,,24823,24948,24251,22613,"HoldTrim",0.4599408581255144,0.5,1.0,0.4,0.10241034685479125,0.3,-0.19522747854898603,0.1,-0.20127499664668275,0.8,0.5999999999999999,0.3,0.8,0.3,,,0.5333333333333332,0.3
"CAH",0,"Healthcare",11,60,19,26,"Included",40,44,4,521,1792,1520,,,24393,23339,22686,20815,"HoldTrim",0.9288967177844298,0.5,1.0,0.4,0.08383303938859492,0.3,-0.911701000046085,0.1,-0.7572593216367322,0.8,1.0,0.3,0.8,0.3,,,0.5333333333333332,0.3
"VLO",0,"Energy",48,55,-3,15,"Included",43,44,4,554,1147,728,396,2764,31759,30241,28448,23291,"HoldTrim",0.6433891771574975,0.5,1.0,0.4,0.5111503037428964,0.3,-0.9329779842503303,0.1,-0.9867724546861737,0.8,1.0,0.3,,,,,0.5333333333333332,0.3
"CVS",0,"Healthcare",22,5,44,42,"Included",34,43,4,596,1106,1109,151,621,9392,10176,10032,8760,"HoldTrim",0.01117565158555557,0.5,1.0,0.4,0.774514991181658,0.3,0.651080771777538,0.1,0.4932686908528151,0.8,0.0,0.3,0.8,0.3,,,0.5333333333333332,0.3
"UNH",0,"Healthcare",19,21,42,29,"Included",37,43,4,632,1803,1705,351,1415,40470,41468,40740,35642,"HoldTrim",0.36504227248378196,0.5,1.0,0.4,-0.10242014501273747,0.3,0.15996342071604874,0.1,0.04711351605961638,0.8,0.0,0.3,0.8,0.3,,,0.5333333333333332,0.3
"EXE",1,"Energy",12,27,48,22,"Included",39,42,4,319,1055,382,119,1489,9701,9237,9210,9795,"HoldTrim",0.1570169379407787,0.5,1.0,0.4,1.0,0.3,-0.44789610810970215,0.1,-0.1648384026884306,0.8,2.220446049250313E-16,0.3,,,,,0.20180229701930097,0.3
"SCHW",0,"Financial Services",22,38,35,11,"Included",42,42,4,750,1381,,424,2027,10773,10454,10006,9643,"HoldTrim",0.49758454106280214,0.5,0.8888888888888888,0.4,0.08312757201646086,0.3,-0.8197637475600016,0.1,-0.8609691360953114,0.8,1.0,0.3,,,,,0.5333333333333332,0.3
"HAS",0,"Consumer Cyclical",7,50,39,10,"Included",42,42,4,468,1484,1219,1940,15956,9667,9055,8824,8713,"HoldTrim",0.3463362224988971,0.5,1.0,0.4,-0.033686067019400454,0.3,-0.6727473988119109,0.1,-0.7739331225921032,0.8,1.0,0.3,,,0.7,0.2,-0.004137845537674045,0.3
"CPAY",0,"Technology",15,51,36,8,"Included",43,42,4,869,1298,1224,764,2922,40496,38341,36578,33401,"HoldTrim",0.7211089714893941,0.5,0.6244444444444444,0.4,0.014697236919459171,0.3,-0.9239895715905972,0.1,-1.0,0.8,1.0,0.3,,,0.7,0.2,0.2723109653039302,0.3
"EG",0,"Financial Services",24,35,12,35,"Included",34,42,4,279,614,,92,1257,36799,37331,36471,34577,"HoldTrim",0.5141884583877996,0.5,1.0,0.4,1.0,0.3,0.005272322723648415,0.1,-0.033212580181485686,0.8,0.5999999999999999,0.3,,,,,0.00927565389265017,0.3
"AFL",0,"Financial Services",48,36,-17,39,"Included",32,42,4,595,1606,1127,201,1691,12130,12430,12167,11501,"HoldTrim",0.8598039215686274,0.5,1.0,0.4,0.5352243778169705,0.3,0.2414297508308707,0.1,0.09025412383213095,0.8,0.0,0.3,,,,,0.5333333333333332,0.3
"DVN",1,"Energy",6,14,59,26,"Included",36,41,4,419,831,682,125,1152,4542,4392,4408,4237,"HoldTrim",-0.35056940464807773,0.5,1.0,0.4,1.0,0.3,,,-0.2715354326329797,0.8,1.0,0.3,,,,,0.533063977573462,0.3
"CI",1,"Healthcare",48,-35,49,42,"Included",31,41,4,321,815,772,169,1676,27275,28260,28436,28200,"HoldTrim",0.5396528803519994,0.5,1.0,0.4,0.999323927101705,0.3,0.3748976756665394,0.1,0.4265092514428813,0.8,-0.8,0.3,0.8,0.3,,,0.5333333333333332,0.3
"AVY",0,"Consumer Cyclical",30,33,27,15,"Included",40,41,4,812,1597,1131,586,3116,17932,16978,16574,16905,"HoldTrim",0.622295219699467,0.5,0.7511111111111111,0.4,-0.01812659220066632,0.3,-0.5934805694324563,0.1,-0.55587913416431,0.8,0.8,0.3,,,0.7,0.2,-0.006260627952603182,0.3
"CB",0,"Financial Services",23,43,6,32,"Included",34,41,4,389,1196,1054,178,1482,34786,35043,34408,32256,"HoldTrim",0.4227763512056294,0.5,1.0,0.4,0.7289241622574953,0.3,-0.23218137449205867,0.1,-0.19122362297848433,0.8,0.5999999999999999,0.3,,,,,0.5333333333333332,0.3
"PSX",0,"Energy",31,59,5,10,"Included",42,41,4,687,1069,1044,309,2345,21984,20520,19415,16774,"HoldTrim",0.3431010635501001,0.5,1.0,0.4,0.526464824612973,0.3,-0.9990549921855123,0.1,-1.0,0.8,1.0,0.3,,,,,0.5333333333333332,0.3
"EOG",0,"Energy",39,15,14,33,"Included",33,40,4,278,967,538,245,2251,14160,14039,13851,12954,"HoldTrim",0.32451757567912964,0.5,1.0,0.4,0.9078875171467764,0.3,-0.40578668202738544,0.1,-0.27241975227248,0.8,1.0,0.3,,,,,0.5333333333333332,0.3
"FITB",0,"Financial Services",-1,53,32,24,"Included",36,40,4,923,1154,,160,844,5701,5701,5551,5052,"HoldTrim",0.4688888888888889,0.5,0.5044444444444445,0.4,0.9098765432098765,0.3,-0.35854437390115823,0.1,-0.3495442870102154,0.8,0.5999999999999999,0.3,,,,,0.5333333333333332,0.3
"TFC",0,"Financial Services",27,41,2,32,"Included",32,40,4,870,1042,,108,906,5187,5196,5108,4892,"HoldTrim",0.5033333333333333,0.5,0.6222222222222222,0.4,1.0,0.3,-0.2368927334797637,0.1,-0.16509563493816468,0.8,0.5999999999999999,0.3,,,,,0.5333333333333332,0.3
"JPM",0,"Financial Services",36,43,13,19,"Included",38,40,4,977,1437,,270,1779,35921,35113,33838,31662,"HoldTrim",1.0,0.5,0.3844444444444446,0.4,0.4878600823045267,0.3,-0.8222147720161599,0.1,-0.7386502031673696,0.8,1.0,0.3,,,,,0.5333333333333332,0.3
"MTB",0,"Financial Services",27,51,-5,26,"Included",34,40,4,573,1195,,143,1074,25185,24827,23983,21933,"HoldTrim",0.5966666666666667,0.5,1.0,0.4,0.9402263374485597,0.3,-0.7683628926689625,0.1,-0.6316748326543277,0.8,1.0,0.3,,,,,0.4015089272064398,0.3
"MPC",0,"Energy",39,54,-4,11,"Included",40,40,4,508,1106,800,488,4210,32872,30559,28701,23760,"HoldTrim",0.542517637171576,0.5,1.0,0.4,0.31393298059964725,0.3,-0.9977937407126217,0.1,-1.0,0.8,1.0,0.3,,,,,0.5333333333333332,0.3
"SOLV",0,"Healthcare",11,46,15,23,"Included",34,39,4,671,1186,1703,299,3396,8561,8326,8002,7575,"HoldTrim",0.6572257695393389,0.5,1.0,0.4,0.16420732902214388,0.3,-0.6380313239497903,0.1,-0.5893610624628578,0.8,1.0,0.3,0.8,0.3,,,0.022652942151540567,0.3
"SYY",0,"Consumer Defensive",18,32,10,35,"Included",30,39,4,636,1562,1171,,7769,8382,8354,8176,7966,"HoldTrim",0.4251705365264243,0.5,1.0,0.4,0.45546737213403876,0.3,-0.4082969959077759,0.1,-0.19977909097097452,0.8,1.0,0.3,0.8,0.3,,,0.44205538588578075,0.3
"AIG",0,"Financial Services",23,10,22,37,"Included",28,38,4,517,875,482,102,722,7711,7873,7800,7761,"HoldTrim",0.5431372549019606,0.5,1.0,0.4,1.0,0.3,0.44607389304403355,0.1,0.344988058450423,0.8,-0.8,0.3,,,,,0.44417886100979986,0.3
"HBAN",0,"Financial Services",5,31,32,34,"Included",31,38,4,946,936,,120,900,1761,1752,1734,1688,"HoldTrim",0.5000000000000001,0.5,0.45333333333333337,0.4,1.0,0.3,-0.2589083159296677,0.1,-0.0844900294116714,0.8,1.0,0.3,,,,,0.3925101163768403,0.3
"C",0,"Financial Services",29,14,37,27,"Included",33,38,4,1102,1055,,118,853,13580,13454,13389,12185,"HoldTrim",0.5849999999999999,0.5,0.10666666666666669,0.4,1.0,0.3,-0.6153241242559174,0.1,-0.23588295030954756,0.8,1.0,0.3,,,,,0.5333333333333332,0.3
"SYF",0,"Financial Services",30,40,28,23,"Included",36,38,4,1311,749,,168,2079,7868,7657,7506,7375,"HoldTrim",1.0,0.5,-0.35777777777777775,0.4,1.0,0.3,-0.5542251178431729,0.1,-0.33593330436269525,0.8,1.0,0.3,,,,,0.25601613649505817,0.3
"COR",0,"Healthcare",2,41,33,14,"Included",35,38,4,573,1671,1332,2070,9687,33095,31300,30328,30973,"HoldTrim",0.18046327048808006,0.5,1.0,0.4,-0.14477758181461883,0.3,-0.7399705311097717,0.1,-0.6820052373320934,0.8,0.8,0.3,0.8,0.3,,,0.5333333333333332,0.3
"OXY",0,"Energy",26,30,13,21,"Included",33,38,4,160,1498,569,176,1063,5906,5581,5521,5219,"HoldTrim",0.047856724830008926,0.5,1.0,0.4,0.8899862825788749,0.3,-0.7830780169349104,0.1,-0.5532581516031303,0.8,1.0,0.3,,,,,0.5333333333333332,0.3
"DG",0,"Consumer Defensive",30,30,-3,34,"Included",29,38,4,235,1522,1224,304,1891,12194,12368,12046,12070,"HoldTrim",0.43983194593221675,0.5,1.0,0.4,0.31620615324319024,0.3,0.07839214908822156,0.1,0.12013063745622511,0.8,0.19999999999999996,0.3,0.8,0.3,,,0.27692249712445216,0.3
"APA",0,"Energy",52,38,-11,14,"Included",36,38,4,348,965,328,203,2666,4062,3669,3601,3246,"HoldTrim",0.5137714835600515,0.5,1.0,0.4,0.9862139917695473,0.3,-0.8558001802497747,0.1,-0.928182565292437,0.8,1.0,0.3,,,,,0.013083197526939094,0.3
"L",0,"Financial Services",18,37,,28,"Included",33,38,3,518,,826,121,931,11284,11525,11340,10792,"HoldTrim",0.006090566399017764,0.5,1.0,0.4,0.9845238095238095,0.3,0.22243767547569204,0.1,0.08882271110448678,0.8,0.0,0.3,,,,,0.21289307808661606,0.3
"WYNN",1,"Consumer Cyclical",10,15,62,11,"Included",36,37,4,1005,1985,1100,,,10311,9985,10014,10607,"HoldTrim",0.17492367135189213,0.5,0.3222222222222222,0.4,0.337742504409171,0.3,-0.39507019611119976,0.1,-0.014527772009253542,0.8,2.220446049250313E-16,0.3,,,0.7,0.2,-0.10850831977830533,0.3
"MA",0,"Financial Services",5,26,45,12,"Included",35,37,4,735,2460,2281,8851,24120,56614,55604,53580,53081,"HoldTrim",0.43168992094290676,0.5,0.9222222222222223,0.4,-0.7146776406035665,0.3,-0.5565727794978284,0.1,-0.5011799677913618,0.8,1.0,0.3,,,,,0.5333333333333332,0.3
"BALL",0,"Consumer Cyclical",-1,46,40,13,"Included",36,37,4,956,1392,1140,290,1715,6296,6326,6172,5856,"HoldTrim",-0.04376955135127826,0.5,0.431111111111111,0.4,0.42224181853811493,0.3,-0.10795800250186059,0.1,-0.21845223225967245,0.8,0.5999999999999999,0.3,,,0.7,0.2,0.07823908004011504,0.3
"ULTA",0,"Consumer Cyclical",13,36,30,13,"Included",36,37,4,852,1720,1359,864,4745,54741,51672,50253,53000,"HoldTrim",0.32866618828856725,0.5,0.6622222222222223,0.4,-0.17250636880266512,0.3,-0.4104982303441318,0.1,-0.4393440580425645,0.8,0.8,0.3,,,0.7,0.2,0.22178278934763096,0.3
"MDT",0,"Healthcare",27,26,25,11,"Included",36,37,4,566,1400,1336,232,984,8981,8556,8360,8725,"HoldTrim",0.15604292682861934,0.5,1.0,0.4,0.42375073486184583,0.3,-0.6161335225659768,0.1,-0.4991927317405299,0.8,0.8,0.3,0.8,0.3,,,-0.8,0.3
"PFE",0,"Healthcare",24,36,3,26,"Included",31,37,4,280,929,813,180,501,2688,2557,2538,2565,"HoldTrim",0.22328693779813785,0.5,1.0,0.4,0.9259847148736036,0.3,-0.7320724980299449,0.1,-0.5699030500372404,0.8,0.8,0.3,0.8,0.3,,,0.5333333333333332,0.3
"WRB",0,"Financial Services",48,19,-20,39,"Included",26,37,4,294,1456,1036,,2021,7026,7207,7092,6981,"HoldTrim",0.6755091873608619,0.5,1.0,0.4,0.6062316284538506,0.3,0.3173162865429069,0.1,0.280488272167095,0.8,0.0,0.3,,,,,0.2643034456279145,0.3
"PCG",1,"Utilities",-19,25,56,23,"Included",31,36,4,278,950,986,117,932,1713,1734,1720,1672,"HoldTrim",-0.6954248366013072,0.5,1.0,0.4,0.9453556731334509,0.3,,,0.08873258103062905,0.8,0.0,0.3,0.8,0.3,,,0.4165426799471339,0.3
"JKHY",0,"Technology",-1,22,45,18,"Included",32,36,4,553,2175,1556,515,2489,15449,15278,14819,15365,"HoldTrim",0.21355521926405674,0.5,1.0,0.4,-0.401567705271409,0.3,-0.2804548400389225,0.1,-0.14432380580476675,0.8,0.8,0.3,,,0.7,0.2,-0.09473438668601486,0.3
"T",0,"Communication Services",27,7,22,28,"Included",29,36,4,417,944,737,151,1834,2420,2330,2327,2502,"HoldTrim",0.24056192704493243,0.5,1.0,0.4,1.0,0.3,-0.4061948389551848,0.1,-0.2035577182593498,0.8,2.220446049250313E-16,0.3,,,0.7,0.2,0.5333333333333332,0.3
"DOC",0,"Real Estate",18,40,10,25,"Included",30,36,4,997,-13747,1575,183,304,2062,2160,2107,1898,"HoldTrim",0.33523988258662146,0.5,0.33999999999999986,0.4,0.21785714285714283,0.3,0.40903744055008295,0.1,0.22750710459550214,0.8,0.0,0.3,0.8,0.3,,,0.02394819134496584,0.3
"ZBH",0,"Healthcare",21,27,10,24,"Included",29,36,4,462,1074,1010,147,641,9742,9450,9170,9184,"HoldTrim",-0.003384022496779974,0.5,1.0,0.4,0.8430825004899078,0.3,-0.22277044669940838,0.1,-0.41378488569278515,0.8,0.8,0.3,0.8,0.3,,,0.1232728893247016,0.3
"HUM",0,"Healthcare",4,47,11,21,"Included",31,36,4,740,2284,1036,,689,37846,37918,36316,29473,"HoldTrim",-0.031860416440602966,0.5,0.911111111111111,0.4,0.26549088771310986,0.3,-0.12472346605737111,0.1,-0.3295564768511594,0.8,0.5999999999999999,0.3,0.8,0.3,,,0.4937720282785505,0.3
"BDX",0,"Healthcare",10,40,14,19,"Included",31,36,4,258,1352,1062,201,661,18032,16697,15945,15554,"HoldTrim",0.45349819104007627,0.5,1.0,0.4,0.6393004115226338,0.3,-0.8626708753271018,0.1,-1.0,0.8,1.0,0.3,0.8,0.3,,,0.5255143365152923,0.3
"MRK",0,"Healthcare",-11,52,24,19,"Included",32,36,4,211,1363,1281,766,696,13008,12835,12506,11322,"HoldTrim",-0.0017247666221730117,0.5,1.0,0.4,-0.0332941407015482,0.3,-0.2749690065773388,0.1,-0.5153422489459123,0.8,1.0,0.3,0.8,0.3,,,0.5333333333333332,0.3
"XOM",0,"Energy",6,57,8,13,"Included",34,36,4,173,1508,1024,255,1258,16084,15323,14994,14086,"HoldTrim",-0.10306553772734434,0.5,1.0,0.4,0.5166078777189888,0.3,-0.3131045843304729,0.1,-0.6826559531259044,0.8,1.0,0.3,,,,,0.5333333333333332,0.3
"DVA",0,"Healthcare",44,-9,6,42,"Included",23,35,4,870,1067,930,,8848,18149,21331,21214,17383,"HoldTrim",0.5143025535797252,0.5,0.6222222222222222,0.4,0.8504409171075837,0.3,0.7799510255120694,0.1,0.5639227771113907,0.8,0.0,0.3,0.8,0.3,,,-0.07260264945053152,0.3
"GILD",0,"Healthcare",-18,32,39,26,"Included",28,35,4,336,1363,1276,1412,-2068,13465,13207,13148,13074,"HoldTrim",-0.17262569422051116,0.5,1.0,0.4,-0.030648638056045563,0.3,-0.2075093039105659,0.1,-0.1327907333548201,0.8,1.0,0.3,0.8,0.3,,,0.5333333333333332,0.3
"DD",0,"Basic Materials",23,21,44,8,"Included",36,35,4,1090,1833,1306,143,179,14585,14087,14018,13173,"HoldTrim",0.365686274509804,0.5,0.1333333333333333,0.4,0.48564569860866136,0.3,-0.8254654625093609,0.1,-0.4911752359708385,0.8,1.0,0.3,,,,,0.14744024565992764,0.3
"SW",0,"Consumer Cyclical",-7,41,43,11,"Included",34,35,4,930,1443,840,141,272,4844,4692,4515,4281,"HoldTrim",-0.30723843140486223,0.5,0.48888888888888893,0.4,0.8429061336468745,0.3,-0.24591934259571843,0.1,-0.5391962568708549,0.8,1.0,0.3,,,0.7,0.2,0.25287663999034415,0.3
"V",0,"Financial Services",-3,30,42,12,"Included",33,35,4,759,2429,2170,1927,6119,36371,36123,34982,33499,"HoldTrim",0.37444022663782034,0.5,0.8688888888888888,0.4,-0.7061728395061729,0.3,-0.5783035097509253,0.1,-0.4640861757482342,0.8,1.0,0.3,,,,,0.5333333333333332,0.3
"PM",0,"Consumer Defensive",-20,35,34,30,"Included",26,35,4,400,2025,1859,,,18571,18859,18511,17525,"HoldTrim",0.2943405050278099,0.5,1.0,0.4,-0.28109935332157554,0.3,0.026949951011330464,0.1,-0.00537977815043907,0.8,0.5999999999999999,0.3,0.8,0.3,,,0.5333333333333332,0.3
"HSIC",0,"Healthcare",5,54,14,6,"Included",34,35,4,808,1499,1392,319,885,8990,8686,8398,7754,"HoldTrim",-0.01149402537678195,0.5,0.76,0.4,0.20584950029394458,0.3,-0.36716014860689183,0.1,-0.7824956518119313,0.8,1.0,0.3,0.8,0.3,,,-0.1325452221351392,0.3
"CF",0,"Basic Materials",43,16,-11,32,"Included",26,35,4,398,1079,586,313,2987,11856,11941,11769,10778,"HoldTrim",0.4363052144809159,0.5,1.0,0.4,0.7512345679012347,0.3,-0.0953782357496109,0.1,-0.05162988356139128,0.8,0.5999999999999999,0.3,,,,,0.10878475589889969,0.3
"SJM",0,"Consumer Defensive",6,33,18,24,"Included",29,35,4,250,1100,1021,228,-239,11829,11781,11373,10758,"HoldTrim",-0.05195404301288287,0.5,1.0,0.4,0.6801293356848911,0.3,-0.16963370973179215,0.1,-0.32923364007595396,0.8,1.0,0.3,0.8,0.3,,,-0.03617549153460575,0.3
"LMT",0,"Industrials",8,61,0,10,"Included",33,35,4,110,1832,1611,1572,8917,59889,56905,55125,53832,"HoldTrim",0.28021823397011375,0.5,1.0,0.4,-0.33656672545561445,0.3,-0.5756342028974377,0.1,-0.6564777233223335,0.8,1.0,0.3,,,,,0.5333333333333332,0.3
"EQT",1,"Energy",10,-13,50,29,"Included",26,34,4,578,1356,614,133,1108,5388,5230,5282,5494,"HoldTrim",0.1417230331708694,0.5,1.0,0.4,1.0,0.3,-0.3236110927628869,0.1,0.0436785919205756,0.8,2.220446049250313E-16,0.3,,,,,0.36994627756804066,0.3
"AON",0,"Financial Services",-4,24,30,27,"Included",27,34,4,676,1664,1536,785,4470,35525,35874,34930,34161,"HoldTrim",0.4548241713368696,0.5,1.0,0.4,-0.25079365079365085,0.3,-0.04457563941610365,0.1,-0.08187572338539297,0.8,0.5999999999999999,0.3,,,,,0.5333333333333332,0.3
"HST",0,"Real Estate",33,5,25,31,"Included",27,34,4,1122,2140,1148,241,1556,2249,2405,2375,2100,"HoldTrim",0.6212560848886394,0.5,0.06222222222222218,0.4,0.30353713501861657,0.3,0.514648602212376,0.1,0.4042978731891153,0.8,0.0,0.3,0.8,0.3,,,0.05151321430260869,0.3
"KO",0,"Consumer Defensive",-16,47,30,15,"Included",30,34,4,342,2449,2376,1028,4205,8635,8557,8343,7799,"HoldTrim",0.015250331188895183,0.5,1.0,0.4,-0.7116598079561043,0.3,-0.581095702353527,0.1,-0.4073339162149276,0.8,1.0,0.3,0.8,0.3,,,0.5333333333333332,0.3
"HON",0,"Industrials",9,36,20,16,"Included",30,34,4,918,2426,1211,414,4658,24231,24042,23650,23011,"HoldTrim",0.22889693084199167,0.5,0.5155555555555555,0.4,-0.1286302175191065,0.3,-0.45798285073199885,0.1,-0.24604821302880084,0.8,1.0,0.3,,,,,0.5333333333333332,0.3
"LLY",0,"Healthcare",-18,60,23,10,"Included",32,34,4,506,2605,2743,3474,10229,121265,117963,114800,101846,"HoldTrim",0.0228787842424495,0.5,1.0,0.4,-0.7544581618655692,0.3,-0.8067303322692476,0.1,-0.5948248967706916,0.8,1.0,0.3,0.8,0.3,,,0.5333333333333332,0.3
"RF",0,"Financial Services",21,45,0,22,"Included",29,34,4,1012,1105,,153,1187,3141,3116,3030,2824,"HoldTrim",0.6594444444444445,0.5,0.30666666666666664,0.4,0.9494855967078188,0.3,-0.603013543606113,0.1,-0.46836296818268497,0.8,1.0,0.3,,,,,0.27438240682632475,0.3
"DGX",0,"Healthcare",3,53,15,5,"Included",34,34,4,548,1976,1429,349,1460,23821,22844,21672,19943,"HoldTrim",0.042239237478732816,0.5,1.0,0.4,-1.4697236919467314E-4,0.3,-0.7833625485233311,0.1,-1.0,0.8,1.0,0.3,0.8,0.3,,,0.2670971501276791,0.3
"STZ",1,"Consumer Defensive",52,-59,40,40,"Included",21,33,4,400,1064,970,274,2369,13191,13269,13633,14562,"HoldTrim",0.6647687687687688,0.5,1.0,0.4,0.6318048206937097,0.3,0.2258360158662558,0.1,0.5698533642742726,0.8,-1.0,0.3,0.8,0.3,,,0.20313955470938372,0.3
"UAL",1,"Industrials",-8,54,48,7,"Included",35,33,4,1292,818,807,246,2325,12643,12482,12008,10810,"HoldTrim",-0.02622616730173968,0.5,-0.3155555555555556,0.4,0.8373897707231042,0.3,-0.2212218546521082,0.1,-0.3931537177719525,0.8,1.0,0.3,,,,,0.45147094679093147,0.3
"ANET",0,"Technology",18,62,52,-15,"Included",44,33,4,1615,3823,4919,1681,3148,19730,18196,17287,15405,"HoldTrim",0.8604398962046126,0.5,-1.0,0.4,-1.0,0.3,-0.8202667461422886,0.1,-0.9414753716329438,0.8,1.0,0.3,,,0.7,0.2,0.5333333333333332,0.3
"GEV",0,"Industrials",10,19,43,13,"Included",31,33,4,1033,4135,6520,2293,8258,102950,101226,101852,89639,"HoldTrim",0.6435967357321715,0.5,0.26,0.4,-1.0,0.3,-0.4511892914328395,0.1,-0.18269479969344546,0.8,1.0,0.3,,,,,0.5333333333333332,0.3
"FIS",0,"Technology",45,-24,20,33,"Included",24,33,4,813,635,1204,138,2235,4258,4289,4258,5001,"HoldTrim",0.6956457938013915,0.5,0.7488888888888889,0.4,0.8322751322751323,0.3,0.17938226839404003,0.1,0.3743971590236441,0.8,-1.0,0.3,,,0.7,0.2,0.1924868290185252,0.3
"DAL",0,"Industrials",18,63,23,-5,"Included",38,33,4,1311,1018,996,270,2013,9015,8888,8556,7396,"HoldTrim",0.3841673434526412,0.5,-0.35777777777777775,0.4,0.6380756417793453,0.3,-0.6678356000357557,0.1,-0.4970470295938515,0.8,1.0,0.3,,,,,-0.8,0.3
"FOXA",0,"Communication Services",-4,37,16,21,"Included",26,33,4,541,1091,777,226,1429,6265,5918,5866,6055,"HoldTrim",-0.1413713506908734,0.5,1.0,0.4,0.8154027042915932,0.3,-0.22791968748955438,0.1,-0.4181722887921381,0.8,0.8,0.3,,,0.7,0.2,0.267040359906634,0.3
"ELV",0,"Healthcare",-3,14,29,32,"Included",23,33,4,692,1332,960,191,1113,39482,38949,38825,35780,"HoldTrim",0.07455774678902238,0.5,1.0,0.4,0.7172741524593377,0.3,-0.6454815145066264,0.1,-0.22153718385459098,0.8,1.0,0.3,0.8,0.3,,,0.5333333333333332,0.3
"MDLZ",0,"Consumer Defensive",-1,18,29,27,"Included",25,33,4,404,1824,1627,295,1334,6133,6163,6106,5994,"HoldTrim",-0.02392929565275962,0.5,1.0,0.4,0.036792083088379446,0.3,-0.08312643890921888,0.1,-0.04459277972049011,0.8,0.5999999999999999,0.3,0.8,0.3,,,0.5333333333333332,0.3
"UNP",0,"Industrials",-11,50,31,10,"Included",31,33,4,965,2069,1573,895,3970,29289,29221,28373,25892,"HoldTrim",0.16206910113210157,0.5,0.411111111111111,0.4,-0.3814814814814814,0.3,-0.3354378075971647,0.1,-0.32011917111062427,0.8,1.0,0.3,,,,,0.5333333333333332,0.3
"INVH",0,"Real Estate",8,23,25,18,"Included",28,33,4,836,4402,1744,195,705,2985,3002,2962,2853,"HoldTrim",0.21634296587373197,0.5,0.6977777777777778,0.4,-0.29973544973544985,0.3,-0.2193315337772881,0.1,-0.14371930054260665,0.8,0.5999999999999999,0.3,0.8,0.3,,,0.10393147706801531,0.3
"AXP",0,"Financial Services",12,34,19,21,"Included",28,33,4,1055,1694,,671,3438,34068,34205,33802,33116,"HoldTrim",0.49758454106280214,0.5,0.21111111111111125,0.4,-0.25679012345679014,0.3,-0.06377176007185448,0.1,0.056666909714451576,0.8,0.5999999999999999,0.3,,,,,0.5333333333333332,0.3
"CTSH",0,"Technology",37,11,12,11,"Included",30,33,4,809,923,677,182,1492,5829,5235,5030,5886,"HoldTrim",0.4721190527781096,0.5,0.7577777777777777,0.4,0.9958847736625516,0.3,-0.44048606355501396,0.1,-0.818291161752971,0.8,2.220446049250313E-16,0.3,,,0.7,0.2,0.26652653866202947,0.3
"VZ",0,"Communication Services",20,6,9,35,"Included",22,33,4,231,892,761,188,1584,4711,4611,4577,4534,"HoldTrim",0.3673997078365247,0.5,1.0,0.4,0.9488340192043894,0.3,-0.5181099042081755,0.1,-0.2892081645408098,0.8,1.0,0.3,,,0.7,0.2,0.5333333333333332,0.3
"PGR",0,"Financial Services",38,4,-1,32,"Included",24,33,4,257,1313,848,362,3494,21355,21417,21249,21407,"HoldTrim",0.7102643140610249,0.5,1.0,0.4,0.4650793650793652,0.3,-0.0976270630841296,0.1,0.18220774348195257,0.8,-0.6000000000000001,0.3,,,,,0.5333333333333332,0.3
"GD",0,"Industrials",5,47,17,4,"Included",33,33,4,328,2135,1690,399,1780,39600,38286,37040,35122,"HoldTrim",0.2300307733789697,0.5,1.0,0.4,-0.27445620223398015,0.3,-0.878235710624172,0.1,-0.8473090307491377,0.8,1.0,0.3,,,,,0.5333333333333332,0.3
"JNJ",0,"Healthcare",-21,53,20,19,"Included",27,33,4,231,2109,1890,736,2574,25964,25733,25089,22951,"HoldTrim",0.2272082306656753,0.5,1.0,0.4,-0.5601802861062121,0.3,-0.6035092668891231,0.1,-0.4113490618097568,0.8,1.0,0.3,0.8,0.3,,,0.5333333333333332,0.3
"RJF",0,"Financial Services",26,35,7,9,"Included",31,33,4,920,1265,,278,1842,17938,17391,16648,16045,"HoldTrim",0.4212560386473432,0.5,0.5111111111111111,0.4,0.5364197530864195,0.3,-0.7967223736621105,0.1,-0.8139938371902481,0.8,1.0,0.3,,,,,0.3791363355146997,0.3
"BRK-B",0,"Financial Services",23,35,-7,19,"Included",27,33,4,607,2397,-179,0,1212,52336,51056,50011,48973,"HoldTrim",0.6002881566198339,0.5,1.0,0.4,-0.0921810699588478,0.3,-0.7222296671192292,0.1,-0.5968515346039498,0.8,1.0,0.3,,,,,0.5333333333333332,0.3
"PRU",0,"Financial Services",41,37,-26,21,"Included",27,33,4,826,828,1204,132,1201,12150,11996,11467,10727,"HoldTrim",0.345108921058042,0.5,0.72,0.4,0.8357044875563392,0.3,-0.5745614857013857,0.1,-0.5577723849987032,0.8,1.0,0.3,,,,,0.46079170125063107,0.3
"MU",1,"Technology",26,17,75,-6,"Included",39,32,4,2213,551,1397,957,6664,85407,88835,88705,61406,"HoldTrim",0.28962290186221984,0.5,-1.0,0.4,0.059788359788359724,0.3,-0.06055212009352018,0.1,0.1847151694334659,0.8,0.0,0.3,,,0.7,0.2,-0.8,0.3
"ICE",0,"Financial Services",11,9,45,10,"Included",30,32,4,930,1708,1550,289,1409,15062,14740,14509,15459,"HoldTrim",0.1591796617165137,0.5,0.48888888888888893,0.4,0.12046835194983334,0.3,-0.3271443418638764,0.1,-0.18722708112781317,0.8,2.220446049250313E-16,0.3,,,,,0.5333333333333332,0.3
"VTRS",0,"Healthcare",21,14,8,29,"Included",23,32,4,893,612,718,129,-275,1628,1697,1662,1454,"HoldTrim",0.1541078311670754,0.5,0.5711111111111111,0.4,1.0,0.3,0.23044354569554049,0.1,0.11204884368151985,0.8,0.0,0.3,0.8,0.3,,,0.12592410248945451,0.3
"GM",0,"Consumer Cyclical",9,65,23,2,"Included",36,32,4,1329,608,1111,127,316,8946,8549,8237,7637,"HoldTrim",0.16877504972387972,0.5,-0.3977777777777778,0.4,0.9018518518518518,0.3,-0.7641122473312728,0.1,-0.836958310520163,0.8,1.0,0.3,,,0.7,0.2,0.5333333333333332,0.3
"BKR",0,"Energy",10,28,29,9,"Included",30,32,4,959,2040,1302,322,1646,6454,6038,5996,5718,"HoldTrim",0.5527000583228114,0.5,0.4244444444444444,0.4,0.09949049578679196,0.3,-0.8225791468578851,0.1,-0.7244876981539282,0.8,1.0,0.3,,,,,0.5333333333333332,0.3
"MRSH",0,"Financial Services",15,23,6,24,"Included",25,32,4,579,1670,1443,599,2590,19046,18695,17973,17962,"HoldTrim",0.5390435847999014,0.5,1.0,0.4,-0.203233392122281,0.3,-0.43611114560285646,0.1,-0.3672979423641698,0.8,1.0,0.3,,,,,0.5333333333333332,0.3
"CL",0,"Consumer Defensive",-11,27,23,30,"Included",23,32,4,327,2249,1625,31150,26737,9221,9220,9126,8788,"HoldTrim",0.43001106346949225,0.5,1.0,0.4,-0.4583774250440916,0.3,-0.33040951540840446,0.1,-0.13443889694914662,0.8,1.0,0.3,0.8,0.3,,,0.5333333333333332,0.3
"LH",0,"Healthcare",3,39,27,3,"Included",32,32,4,843,1630,1412,303,1173,32249,30449,28859,27373,"HoldTrim",-0.0257859447518374,0.5,0.6822222222222223,0.4,0.188957475994513,0.3,-0.34744620259059433,0.1,-1.0,0.8,1.0,0.3,0.8,0.3,,,0.26491345496830365,0.3
"EXPE",0,"Consumer Cyclical",34,59,2,-4,"Included",36,32,4,1246,1328,1298,3166,8949,31897,29312,27193,24681,"HoldTrim",0.5940874827913443,0.5,-0.21333333333333337,0.4,-0.03268665490887717,0.3,-0.8329597358838174,0.1,-1.0,0.8,1.0,0.3,,,0.7,0.2,0.42273344984838834,0.3
"SNA",0,"Industrials",12,46,-5,16,"Included",28,32,4,723,1948,1481,356,1793,41567,41042,40089,37494,"HoldTrim",0.4614764926219879,0.5,0.9488888888888889,0.4,-0.03294140701548111,0.3,-0.7335637583318515,0.1,-0.5041593342110797,0.8,1.0,0.3,,,,,0.1837585612169702,0.3
"TMUS",1,"Communication Services",16,-35,50,32,"Included",20,31,4,327,1244,898,343,1799,17968,17972,18297,19917,"HoldTrim",0.2743556422753226,0.5,1.0,0.4,0.49273956496178717,0.3,0.19453456016548265,0.1,0.4533428957244041,0.8,-1.0,0.3,,,0.7,0.2,0.5333333333333332,0.3
"LOW",0,"Consumer Cyclical",10,2,39,17,"Included",26,31,4,851,1655,1306,,,22248,21554,21715,23253,"HoldTrim",0.5294017979642579,0.5,0.6644444444444444,0.4,0.3100529100529101,0.3,-0.3536752399479779,0.1,0.07156345033962773,0.8,2.220446049250313E-16,0.3,,,0.7,0.2,-0.8,0.3
"GPN",0,"Industrials",12,27,8,18,"Included",26,31,4,775,540,932,99,243,8597,8357,7847,7567,"HoldTrim",0.38660130718954255,0.5,0.8333333333333335,0.4,1.0,0.3,-0.6184667527871226,0.1,-0.7111785216782849,0.8,1.0,0.3,,,,,0.2071602234237413,0.3
"ORLY",0,"Consumer Cyclical",-17,21,43,18,"Included",26,31,4,519,2556,2013,,,9333,9033,8959,9297,"HoldTrim",0.03998272263798305,0.5,1.0,0.4,-0.6115226337448559,0.3,-0.4331987154191329,0.1,-0.15856534129536187,0.8,0.8,0.3,,,0.7,0.2,0.5333333333333332,0.3
"KEY",0,"Financial Services",27,15,14,22,"Included",26,31,4,1032,1058,,140,1033,2262,2281,2262,2117,"HoldTrim",0.573888888888889,0.5,0.26222222222222236,0.4,1.0,0.3,-0.1576726163807708,0.1,-0.1045022377888585,0.8,0.0,0.3,,,,,0.23349745172293668,0.3
"WELL",0,"Real Estate",-31,47,32,15,"Included",26,31,4,763,6939,5640,366,384,22725,23587,22976,20849,"HoldTrim",-0.2568752740558532,0.5,0.8599999999999999,0.4,-0.7518518518518519,0.3,0.12224275394893383,0.1,0.11804323771999654,0.8,0.0,0.3,0.8,0.3,,,0.5333333333333332,0.3
"SYK",0,"Healthcare",-3,21,30,17,"Included",26,31,4,771,2067,1961,578,1651,34655,33473,32711,33869,"HoldTrim",0.19626657038396042,0.5,0.8422222222222222,0.4,-0.5862237899274937,0.3,-0.5157226475947891,0.1,-0.3408977749055798,0.8,0.8,0.3,0.8,0.3,,,0.5333333333333332,0.3
"KVUE",0,"Consumer Defensive",16,16,-2,34,"Included",20,31,4,431,1528,1266,345,1558,1894,1919,1883,1832,"HoldTrim",0.34028451961784695,0.5,1.0,0.4,0.21641191456006267,0.3,0.024136784703643333,0.1,0.018636381375497748,0.8,0.5999999999999999,0.3,0.8,0.3,,,0.4013281253437735,0.3
"REGN",0,"Healthcare",-12,55,11,10,"Included",28,31,4,188,1339,1603,255,1404,80490,73183,69613,68482,"HoldTrim",0.11662278298743925,0.5,1.0,0.4,0.256623554771703,0.3,-0.8890457042189697,0.1,-1.0,0.8,1.0,0.3,0.8,0.3,,,0.5333333333333332,0.3
"ROST",0,"Consumer Cyclical",-9,62,15,-1,"Included",32,31,4,877,2952,2400,1287,3898,25274,24538,23559,20900,"HoldTrim",0.20775225540605796,0.5,0.6066666666666667,0.4,-0.8496570644718793,0.3,-0.7572554931813411,0.1,-0.8242714068978033,0.8,1.0,0.3,,,0.7,0.2,0.5333333333333332,0.3
"DLTR",0,"Consumer Defensive",14,43,-13,21,"Included",25,31,4,665,1677,1307,711,3398,12879,12683,12101,11426,"HoldTrim",0.40589284880977006,0.5,1.0,0.4,-0.13319615912208524,0.3,-0.5591052344690041,0.1,-0.4879238118077658,0.8,1.0,0.3,0.8,0.3,,,0.2422482847769971,0.3
"IT",0,"Technology",56,9,-12,19,"Included",26,31,4,913,1143,1015,,11358,18903,16423,15432,17472,"HoldTrim",1.0,0.5,0.5266666666666666,0.4,0.7517048794826571,0.3,-0.5027092020310455,0.1,-0.7827107636112894,0.8,0.8,0.3,,,0.7,0.2,-0.05999014244932499,0.3
"AMGN",0,"Healthcare",11,58,-15,9,"Included",28,31,4,413,1708,1557,1913,9147,41388,38913,37166,34571,"HoldTrim",0.33877417169201846,0.5,1.0,0.4,-0.2739760924946111,0.3,-0.8951465310186325,0.1,-1.0,0.8,1.0,0.3,0.8,0.3,,,0.5333333333333332,0.3
"UBER",1,"Technology",9,17,48,7,"Included",30,30,4,1154,1785,2272,646,3716,7854,7257,7248,7732,"HoldTrim",0.3823147917639586,0.5,-0.008888888888888946,0.4,-0.5294924554183814,0.3,-0.525140230443675,0.1,-0.35299434849479616,0.8,0.8,0.3,,,0.7,0.2,0.5333333333333332,0.3
"AZO",1,"Consumer Cyclical",13,-27,54,19,"Included",23,30,4,344,1764,1475,,,309359,305776,310696,342097,"HoldTrim",0.38456878035479936,0.5,1.0,0.4,0.1310699588477366,0.3,-0.1033001108803493,0.1,0.35849483889218353,0.8,-0.6000000000000001,0.3,,,0.7,0.2,-0.8,0.3
"XYL",1,"Industrials",8,8,48,8,"Included",29,30,4,1010,1975,1533,259,918,12225,12013,11843,12498,"HoldTrim",0.0982345071274604,0.5,0.3111111111111111,0.4,0.11176758769351362,0.3,-0.2741451646907831,0.1,-0.017888957056077823,0.8,2.220446049250313E-16,0.3,,,,,0.30112614778770186,0.3
"NWSA",0,"Communication Services",-1,28,24,17,"Included",26,30,4,911,1910,1266,183,798,2864,2808,2728,2653,"HoldTrim",0.2027044565717415,0.5,0.5311111111111111,0.4,0.4116108171663725,0.3,-0.5221169280611251,0.1,-0.35678459858952116,0.8,1.0,0.3,,,0.7,0.2,0.047673828943186725,0.3
"CRM",0,"Technology",35,14,33,-2,"Included",33,30,4,1152,1275,1493,473,1691,19782,18259,17707,19529,"HoldTrim",0.6276036597930421,0.5,-0.004444444444444473,0.4,-0.07132079169116227,0.3,-0.4847942382340549,0.1,-0.5575032152635734,0.8,0.8,0.3,,,0.7,0.2,-0.8,0.3
"OTIS",0,"Industrials",19,-12,27,30,"Included",20,30,4,879,1594,1366,,,7319,7288,7317,7915,"HoldTrim",0.523889088336906,0.5,0.6022222222222222,0.4,0.28753674309229854,0.3,0.005234585177695816,0.1,0.3284894170079621,0.8,2.220446049250313E-16,0.3,,,,,0.2911286851813313,0.3
"VLTO",0,"Industrials",-1,21,28,11,"Included",26,30,4,752,2041,1809,769,3431,9751,9508,9212,9374,"HoldTrim",0.32517411825295683,0.5,0.8844444444444446,0.4,-0.49866745051930234,0.3,-0.5020431798833046,0.1,-0.38198769553806716,0.8,0.8,0.3,,,,,0.22516609885659244,0.3
"APH",0,"Technology",-9,65,41,-11,"Included",37,30,4,1251,2663,2328,1366,3812,17174,16269,15718,14306,"HoldTrim",0.18552729479737567,0.5,-0.22444444444444445,0.4,-0.7703703703703704,0.3,-0.8315247705322704,0.1,-0.7928293307736962,0.8,1.0,0.3,,,0.7,0.2,0.5333333333333332,0.3
"GDDY",0,"Technology",41,-7,8,25,"Included",23,30,4,918,834,1032,173481,44286,9194,9149,8943,9859,"HoldTrim",0.6108873020337756,0.5,0.5155555555555555,0.4,0.24358220654516943,0.3,0.047809050689642474,0.1,0.14610712941534204,0.8,2.220446049250313E-16,0.3,,,0.7,0.2,-0.07026393451650592,0.3
"UHS",0,"Healthcare",33,17,8,15,"Included",26,30,4,1063,707,572,134,2095,17060,16399,16036,17644,"HoldTrim",0.22885659993667576,0.5,0.19333333333333336,0.4,1.0,0.3,-0.28782318333229917,0.1,-0.19095032967153966,0.8,2.220446049250313E-16,0.3,0.8,0.3,,,-0.13108513756606166,0.3
"WTW",0,"Financial Services",-2,24,32,5,"Included",28,30,4,418,1494,1327,413,1976,34158,32080,29901,29754,"HoldTrim",0.3888970457715678,0.5,1.0,0.4,0.06753870272388791,0.3,-0.7599773245133571,0.1,-1.0,0.8,1.0,0.3,,,,,0.34487212997504013,0.3
"BRO",0,"Financial Services",25,9,0,24,"Included",21,30,4,581,1466,1077,185,1002,7070,6990,6707,7103,"HoldTrim",0.3829471287908859,0.5,1.0,0.4,0.6297178130511465,0.3,-0.22994437852562077,0.1,-0.12119320288051418,0.8,2.220446049250313E-16,0.3,,,,,0.2233427117496447,0.3
"MNST",0,"Consumer Defensive",7,13,13,28,"Included",21,30,4,524,3469,2940,509,2570,4542,4711,4642,4141,"HoldTrim",0.6233096107843837,0.5,1.0,0.4,-0.9914951989026062,0.3,0.2538532165863838,0.1,0.1360942327241896,0.8,0.0,0.3,0.8,0.3,,,0.5333333333333332,0.3
"VRTX",0,"Healthcare",-16,52,22,3,"Included",29,30,4,305,2424,2488,661,2354,52803,49040,47843,45160,"HoldTrim",0.1792972483357528,0.5,1.0,0.4,-0.70480109739369,0.3,-0.9268414164695539,0.1,-0.9820363562266863,0.8,1.0,0.3,0.8,0.3,,,0.5333333333333332,0.3
"WDC",1,"Technology",32,-2,66,3,"Included",32,29,4,2217,1392,3074,,13085,44100,50162,51646,37884,"HoldTrim",0.500644824824184,0.5,-1.0,0.4,-0.13251028806584364,0.3,0.3787434860583143,0.1,0.44711633785368826,0.8,0.0,0.3,,,0.7,0.2,-0.8,0.3
"SPGI",1,"Financial Services",11,-12,59,12,"Included",26,29,4,1072,2027,1693,384,1426,41035,41750,41564,43313,"HoldTrim",0.3054757858000259,0.5,0.17333333333333334,0.4,-0.2186360964138741,0.3,0.3336510309154077,0.1,0.40477052695539173,0.8,-1.0,0.3,,,,,0.5333333333333332,0.3
"CMCSA",0,"Communication Services",18,1,9,29,"Included",19,29,4,647,698,506,100,1149,2528,2433,2437,2654,"HoldTrim",0.1992339405222026,0.5,1.0,0.4,1.0,0.3,-0.3845304459085015,0.1,-0.09889340540345379,0.8,2.220446049250313E-16,0.3,,,0.7,0.2,0.5333333333333332,0.3
"WST",0,"Healthcare",-23,53,43,0,"Included",30,29,4,1138,3521,2704,826,1909,35082,34817,33930,29755,"HoldTrim",0.011037036738219047,0.5,0.026666666666666616,0.4,-1.0,0.3,-0.4792412455532319,0.1,-0.3310405487355973,0.8,1.0,0.3,0.8,0.3,,,0.2410341234443738,0.3
"NDAQ",0,"Financial Services",-1,33,31,3,"Included",29,29,4,971,2046,1856,448,1652,9560,9302,9045,8996,"HoldTrim",0.205619939909599,0.5,0.3977777777777778,0.4,-0.4286106212032138,0.3,-0.6586163386620416,0.1,-0.5510447178873298,0.8,1.0,0.3,,,,,0.5333333333333332,0.3
"SLB",0,"Energy",-18,27,36,11,"Included",25,29,4,749,1659,1203,307,1291,5388,5019,5023,4732,"HoldTrim",-0.008797694297991463,0.5,0.891111111111111,0.4,0.2841759749167155,0.3,-0.34584066422919957,0.1,-0.679708714406869,0.8,1.0,0.3,,,,,0.5333333333333332,0.3
"WM",0,"Industrials",-13,14,38,16,"Included",23,29,4,437,2500,1458,921,2984,22846,22991,22849,22643,"HoldTrim",0.10941058727562532,0.5,1.0,0.4,-0.43887909073094267,0.3,-0.05043171923924794,0.1,0.012940688908347455,0.8,0.0,0.3,,,,,0.5333333333333332,0.3
"IP",0,"Consumer Cyclical",6,18,20,16,"Included",23,29,4,894,1419,790,153,-1648,4171,4057,3860,3906,"HoldTrim",-0.11104673782926702,0.5,0.568888888888889,0.4,0.8537233000195965,0.3,-0.17231906493059373,0.1,-0.42324519557381945,0.8,0.8,0.3,,,0.7,0.2,0.1949244063921295,0.3
"IQV",0,"Healthcare",-2,40,43,-3,"Included",32,29,4,1175,1681,1776,647,2282,24271,22611,20879,19444,"HoldTrim",0.46830370035145374,0.5,-0.05555555555555558,0.4,-0.3824417009602195,0.3,-0.7777266482637141,0.1,-1.0,0.8,1.0,0.3,0.8,0.3,,,0.44038465527662574,0.3
"BKNG",0,"Consumer Cyclical",17,21,32,0,"Included",30,29,4,1068,1718,1572,,,21268,19591,18527,18610,"HoldTrim",0.5033585714101896,0.5,0.18222222222222229,0.4,0.07301587301587291,0.3,-0.7447148231067322,0.1,-1.0,0.8,0.8,0.3,,,0.7,0.2,0.5333333333333332,0.3
"HCA",0,"Healthcare",11,21,17,22,"Included",22,29,4,1109,1284,911,,,41246,40101,40155,42997,"HoldTrim",0.15230828271081934,0.5,0.09111111111111114,0.4,0.7762198706643151,0.3,-0.3049617699140398,0.1,0.02653465277415279,0.8,2.220446049250313E-16,0.3,0.8,0.3,,,0.5333333333333332,0.3
"DHR",0,"Healthcare",-12,26,30,13,"Included",25,29,4,796,2230,2126,277,761,20728,19841,19328,19674,"HoldTrim",-0.14265339518765593,0.5,0.7866666666666666,0.4,-0.23861454046639233,0.3,-0.21788879879143705,0.1,-0.43916375185841877,0.8,0.8,0.3,0.8,0.3,,,0.5333333333333332,0.3
"ROP",0,"Technology",23,12,1,21,"Included",22,29,4,737,1657,1572,213,1307,40192,38331,36567,38650,"HoldTrim",0.29998857039768123,0.5,0.9177777777777778,0.4,0.2635606505976877,0.3,-0.38415718052493975,0.1,-0.47573436329073787,0.8,0.8,0.3,,,0.7,0.2,0.4386011374993948,0.3
"MAS",0,"Industrials",42,19,4,19,"Included",25,29,4,1296,1616,1189,,586250,7537,7633,7532,7092,"HoldTrim",0.8759193222591045,0.5,-0.32444444444444454,0.4,0.41895943562610244,0.3,-0.11363701070425469,0.1,-0.021258457319970708,0.8,0.5999999999999999,0.3,,,,,0.03079172535988639,0.3
"DRI",0,"Consumer Cyclical",3,34,12,8,"Included",26,29,4,585,1751,1546,1121,5372,21695,20725,20442,20069,"HoldTrim",0.17966949215494712,0.5,1.0,0.4,-0.2799529688418577,0.3,-0.8874466509968303,0.1,-0.7224847825203733,0.8,1.0,0.3,,,0.7,0.2,0.24203921336165912,0.3
"RTX",0,"Industrials",-14,57,20,-7,"Included",31,29,4,294,2866,2104,457,1227,22507,21321,20187,18809,"HoldTrim",0.047593372004214936,0.5,1.0,0.4,-0.7464334705075446,0.3,-0.8346328538639686,0.1,-1.0,0.8,1.0,0.3,,,,,0.5333333333333332,0.3
"MMM",0,"Industrials",29,41,3,-2,"Included",31,29,4,1080,1884,1569,3212,8189,18383,17536,16702,15944,"HoldTrim",0.7868693857141871,0.5,0.15555555555555545,0.4,-0.3286106212032138,0.3,-0.8287739744857436,0.1,-1.0,0.8,1.0,0.3,,,,,0.5333333333333332,0.3
"ZTS",1,"Healthcare",25,-49,32,42,"Included",13,28,4,730,1120,947,,6491,7543,7578,7927,10373,"HoldTrim",0.5167482762094758,0.5,0.9333333333333333,0.4,0.8151381540270428,0.3,0.3096724839045921,0.1,0.6728392238579636,0.8,-1.0,0.3,0.8,0.3,,,0.33755044958769576,0.3
"TYL",1,"Technology",-4,-16,58,15,"Included",23,28,4,809,2078,2952,430,973,31908,31160,31118,36918,"HoldTrim",0.10047558941991817,0.5,0.7577777777777777,0.4,-0.4802469135802469,0.3,-0.10594771588831597,0.1,0.19235184617442497,0.8,2.220446049250313E-16,0.3,,,0.7,0.2,-0.0225314592208693,0.3
"AVGO",1,"Technology",-5,55,46,-7,"Included",34,28,4,1473,2159,4883,2288,3728,42164,40183,39536,37080,"HoldTrim",0.22561576811458095,0.5,-0.7177777777777778,0.4,-0.6320987654320988,0.3,-0.6373259200524015,0.1,-0.4803172780532003,0.8,1.0,0.3,,,0.7,0.2,0.5333333333333332,0.3
"BR",0,"Technology",21,12,18,5,"Included",26,28,4,889,1502,1265,714,4092,17389,15893,15400,17844,"HoldTrim",0.5648751736814136,0.5,0.5800000000000001,0.4,-0.06296296296296293,0.3,-0.4680141575595381,0.1,-0.5971666763333537,0.8,2.220446049250313E-16,0.3,,,0.7,0.2,0.15019100204116287,0.3
"BIIB",0,"Healthcare",-20,23,26,24,"Included",20,28,4,162,1230,1122,160,458,20414,20477,20172,18430,"HoldTrim",-0.25329393947163653,0.5,1.0,0.4,0.7169508132471094,0.3,-0.15080012007709453,0.1,-0.2223863996609105,0.8,0.5999999999999999,0.3,0.8,0.3,,,0.32397514003064654,0.3
"TJX",0,"Consumer Cyclical",-8,7,36,16,"Included",22,28,4,616,2730,2083,1668,6125,15706,15777,15714,15346,"HoldTrim",0.19421292497541345,0.5,1.0,0.4,-0.7887517146776406,0.3,-0.2294774740189327,0.1,-0.029791199744645884,0.8,0.0,0.3,,,0.7,0.2,0.5333333333333332,0.3
"TEL",0,"Technology",10,40,12,8,"Included",26,28,4,1162,1715,1349,484,2329,22130,21024,20828,21271,"HoldTrim",0.2531838679780417,0.5,-0.026666666666666616,0.4,-0.13621399176954732,0.3,-0.6209035106224381,0.1,-0.36964740750062186,0.8,0.8,0.3,,,0.7,0.2,0.5333333333333332,0.3
"MSI",0,"Technology",-11,32,36,0,"Included",28,28,4,870,2459,2272,2906,9157,46913,43933,42686,42680,"HoldTrim",0.24084704144903774,0.5,0.6222222222222222,0.4,-0.7144032921810699,0.3,-0.8093143846971416,0.1,-0.857671879661042,0.8,1.0,0.3,,,0.7,0.2,0.5333333333333332,0.3
"TDY",0,"Technology",-12,54,20,-3,"Included",29,28,4,920,2599,2115,294,915,69142,66450,64791,61440,"HoldTrim",-0.07178740207801441,0.5,0.5111111111111111,0.4,-0.3713305898491084,0.3,-0.3532254099894391,0.1,-0.8460858424691847,0.8,1.0,0.3,,,0.7,0.2,0.3501447672136375,0.3
"WAB",0,"Industrials",-20,62,26,-7,"Included",31,28,4,928,2419,2112,451,1155,29919,28868,27791,25039,"HoldTrim",-0.10931670067320924,0.5,0.4933333333333332,0.4,-0.6126886145404664,0.3,-0.28882269684490014,0.1,-0.7670081689569961,0.8,1.0,0.3,,,,,0.5333333333333332,0.3
"CNC",0,"Healthcare",19,29,6,15,"Included",24,28,4,1105,1253,478,145,-2036,6641,6490,6282,4997,"HoldTrim",0.08443610055325838,0.5,0.10000000000000009,0.4,1.0,0.3,-0.7546024481707556,0.1,-0.5639169228210492,0.8,1.0,0.3,0.8,0.3,,,0.3587774880582937,0.3
"STT",0,"Financial Services",11,49,17,10,"Included",28,28,4,1418,1221,,215,1244,18670,18312,17520,14853,"HoldTrim",1.0,0.5,-0.5955555555555556,0.4,0.7295267489711934,0.3,-0.7748881772816822,0.1,-0.6858149097192703,0.8,1.0,0.3,,,,,0.5333333333333332,0.3
"TMO",0,"Healthcare",-15,42,28,-1,"Included",28,28,4,847,2182,2218,421,1352,60022,56616,53523,51568,"HoldTrim",0.05773841886049593,0.5,0.6733333333333333,0.4,-0.4921124828532236,0.3,-0.7539554395833747,0.1,-0.9952731849116305,0.8,1.0,0.3,0.8,0.3,,,0.5333333333333332,0.3
"CHD",0,"Consumer Defensive",-9,39,9,13,"Included",23,28,4,471,2537,1969,559,1704,10250,10034,9850,9517,"HoldTrim",0.2647717409427808,0.5,1.0,0.4,-0.7194003527336861,0.3,-0.7301658933721428,0.1,-0.5157293739696783,0.8,1.0,0.3,0.8,0.3,,,0.23466008092722257,0.3
"NTRS",0,"Financial Services",30,49,-13,10,"Included",26,28,4,1259,1483,,287,1707,18780,18312,17804,15801,"HoldTrim",0.9483333333333334,0.5,-0.24222222222222212,0.4,0.421707818930041,0.3,-0.820775781949758,0.1,-0.6795539351467494,0.8,1.0,0.3,,,,,0.37815505905217317,0.3
"SWK",0,"Industrials",31,54,-4,-9,"Included",32,28,4,1172,1636,1123,180,689,10419,9665,9063,8107,"HoldTrim",0.2773672681266652,0.5,-0.04888888888888898,0.4,0.5679992161473646,0.3,-0.9115894481256305,0.1,-1.0,0.8,1.0,0.3,,,,,0.0544199452767159,0.3
"INTU",1,"Technology",20,-19,40,17,"Included",22,27,4,959,1223,1429,445,2250,33451,31261,31222,42781,"HoldTrim",0.4470513411682878,0.5,0.4244444444444444,0.4,0.028659611992945224,0.3,-0.2709153583288424,0.1,-0.16211362832459816,0.8,2.220446049250313E-16,0.3,,,0.7,0.2,0.5333333333333332,0.3
"ADSK",0,"Technology",20,17,40,-1,"Included",29,27,4,1298,1780,2517,1675,5040,25323,23293,22535,24520,"HoldTrim",0.6380972102267671,0.5,-0.3288888888888888,0.4,-0.5281207133058985,0.3,-0.5147385039072951,0.1,-0.6843385806911705,0.8,0.8,0.3,,,0.7,0.2,0.5333333333333332,0.3
"BA",0,"Industrials",-6,36,44,-2,"Included",29,27,4,1221,5691,-7347,3049,17354,23529,22556,22245,22139,"HoldTrim",0.6356509612097146,0.5,-0.1577777777777778,0.4,-1.0,0.3,-0.6853908597551619,0.1,-0.49606797740648206,0.8,1.0,0.3,,,,,0.5333333333333332,0.3
"MKC",0,"Consumer Defensive",5,-11,23,29,"Included",16,27,4,627,1591,1341,202,2473,5250,5185,5119,5642,"HoldTrim",0.36758636333125927,0.5,1.0,0.4,0.42426023907505395,0.3,-0.24613316667722807,0.1,0.08227387858039152,0.8,2.220446049250313E-16,0.3,0.8,0.3,,,0.009421337943680053,0.3
"CDW",0,"Technology",8,4,21,24,"Included",19,27,4,940,1143,1150,677,4401,13640,13940,13535,13525,"HoldTrim",0.34407094608393357,0.5,0.4666666666666668,0.4,0.09637468155986675,0.3,-0.04842321571649655,0.1,0.07089533881145711,0.8,0.5999999999999999,0.3,,,0.7,0.2,0.0877546815337713,0.3
"PHM",0,"Consumer Cyclical",15,31,15,11,"Included",25,27,4,1206,1166,927,,1490,13121,12957,12730,12488,"HoldTrim",0.3527657766175825,0.5,-0.12444444444444436,0.4,0.8120811287477956,0.3,-0.45265807997488394,0.1,-0.19400520308969585,0.8,1.0,0.3,,,0.7,0.2,-0.8,0.3
"COO",0,"Healthcare",-6,33,24,-1,"Included",27,27,4,823,1538,1971,182,285,7686,7309,7078,7115,"HoldTrim",-0.18329778790739432,0.5,0.7266666666666666,0.4,0.14250440917107574,0.3,-0.27579305226364054,0.1,-0.5967904412092306,0.8,0.8,0.3,0.8,0.3,,,-0.8,0.3
"CHTR",0,"Communication Services",50,-14,-22,28,"Included",15,26,4,678,347,548,108,2720,15324,14412,14486,18369,"HoldTrim",0.36534968744268287,0.5,1.0,0.4,1.0,0.3,-0.29055797378752457,0.1,-0.13280131395961317,0.8,2.220446049250313E-16,0.3,,,0.7,0.2,0.1670987610911132,0.3
"HWM",0,"Industrials",-20,50,44,-7,"Included",30,26,4,1212,4473,4196,1988,3473,28489,28211,27445,24434,"HoldTrim",0.08620133465630829,0.5,-0.13777777777777778,0.4,-1.0,0.3,-0.5725828823954844,0.1,-0.3945912538251168,0.8,1.0,0.3,,,,,0.5333333333333332,0.3
"EQIX",0,"Real Estate",-15,13,43,13,"Included",22,26,4,972,5547,2761,719,1074,104741,104153,104386,96679,"HoldTrim",0.13787979162475822,0.5,0.39555555555555566,0.4,-1.0,0.3,-0.5083518710577393,0.1,-0.1873532143916063,0.8,1.0,0.3,0.8,0.3,,,0.5333333333333332,0.3
"BLK",0,"Financial Services",12,33,41,-7,"Included",31,26,4,1425,1793,1649,309,1228,115023,109636,106456,106111,"HoldTrim",0.45065145550692187,0.5,-0.6111111111111112,0.4,0.007730746619635489,0.3,-0.7634619712235774,0.1,-0.7205517777823247,0.8,1.0,0.3,,,,,0.5333333333333332,0.3
"ECL",0,"Basic Materials",-29,32,40,5,"Included",23,26,4,890,3031,2141,797,2196,28524,27900,27399,27161,"HoldTrim",0.11499369032995063,0.5,0.5777777777777777,0.4,-0.8713305898491084,0.3,-0.5745509884579207,0.1,-0.35252732475621906,0.8,1.0,0.3,,,,,0.5333333333333332,0.3
"TRGP",0,"Energy",-20,14,38,13,"Included",21,26,4,716,2223,1395,1830,7084,26729,26839,26713,23509,"HoldTrim",-0.20148444117111375,0.5,0.9644444444444444,0.4,-0.32955124436605926,0.3,-0.10524541086371442,0.1,-0.1632261125602911,0.8,0.5999999999999999,0.3,,,,,0.5333333333333332,0.3
"RL",0,"Consumer Cyclical",8,46,28,-6,"Included",30,26,4,1371,1932,1588,854,3754,40353,38798,38371,36083,"HoldTrim",0.3146469053856001,0.5,-0.49111111111111105,0.4,-0.35183225553595926,0.3,-0.9030761391369646,0.1,-0.5754237938494644,0.8,1.0,0.3,,,0.7,0.2,0.23005150042858524,0.3
"FSLR",0,"Technology",42,21,14,9,"Included",26,26,4,1746,1056,1014,256,1851,24513,22879,23077,22671,"HoldTrim",0.5007006329661486,0.5,-1.0,0.4,0.644052518126592,0.3,-0.5161190404091873,0.1,-0.2894469255909155,0.8,1.0,0.3,,,0.7,0.2,0.26876832581065635,0.3
"GEN",0,"Technology",46,19,2,0,"Included",27,26,4,1201,888,1045,661,4194,2932,2757,2613,2516,"HoldTrim",0.7365707761264448,0.5,-0.11333333333333329,0.4,0.22188908485204778,0.3,-0.7947233598501642,0.1,-0.9608199091886772,0.8,1.0,0.3,,,0.7,0.2,0.09959723067659121,0.3
"LYV",0,"Communication Services",-9,39,33,-3,"Included",27,26,4,1116,9574,3028,51675,1768,18448,18111,17687,16377,"HoldTrim",0.2494009176415124,0.5,0.0755555555555556,0.4,-1.0,0.3,-0.8360231390496554,0.1,-0.5469459642326521,0.8,1.0,0.3,,,0.7,0.2,0.4706312542211719,0.3
"MO",0,"Consumer Defensive",25,-36,5,50,"Included",8,26,4,495,1112,835,,,6519,6956,7044,6779,"HoldTrim",0.9229497124453648,0.5,1.0,0.4,0.9073192239858907,0.3,0.6492483447665578,0.1,0.5889990012360574,0.8,-0.8,0.3,0.8,0.3,,,0.5333333333333332,0.3
"OKE",0,"Energy",-1,7,16,21,"Included",17,26,4,715,1444,1173,256,1628,9068,8954,8933,8432,"HoldTrim",-0.1706783478756788,0.5,0.9666666666666668,0.4,0.4534783460709387,0.3,-0.1938228279914582,0.1,-0.28624617677592823,0.8,1.0,0.3,,,,,0.5333333333333332,0.3
"PSA",0,"Real Estate",-3,34,5,15,"Included",20,26,4,945,3523,2083,1175,2193,32354,32351,31873,30146,"HoldTrim",0.35728426383008055,0.5,0.4555555555555557,0.4,-1.0,0.3,-0.46783311275267714,0.1,-0.26765909740502425,0.8,1.0,0.3,0.8,0.3,,,0.5333333333333332,0.3
"ACN",0,"Technology",44,-1,2,13,"Included",22,26,4,1074,1210,841,341,2441,17749,16225,15961,19358,"HoldTrim",0.7068001010113981,0.5,0.16888888888888887,0.4,0.5359298451891045,0.3,-0.38924749453265894,0.1,-0.5233620578133358,0.8,2.220446049250313E-16,0.3,,,0.7,0.2,0.5333333333333332,0.3
"TROW",0,"Financial Services",58,28,-17,14,"Included",24,26,4,1483,1111,764,228,1940,11423,11525,11259,10546,"HoldTrim",0.7439936088380367,0.5,-0.74,0.4,0.8130903390162648,0.3,-0.1524418168960613,0.1,-0.17479942812989566,0.8,0.5999999999999999,0.3,,,,,0.23541228659804192,0.3
"NVDA",1,"Technology",-13,50,59,-13,"Included",32,25,4,2215,1703,3156,2721,11429,21959,20984,20679,19697,"HoldTrim",0.0019455870404271201,0.5,-1.0,0.4,-0.5069958847736625,0.3,-0.6960330662120495,0.1,-0.5192439238307499,0.8,1.0,0.3,,,0.7,0.2,0.5333333333333332,0.3
"CHRW",1,"Industrials",0,-30,58,19,"Included",18,25,4,946,1953,2053,1053,3712,14633,16573,17572,16875,"HoldTrim",0.2735906165428323,0.5,0.45333333333333337,0.4,-0.5755829903978052,0.3,0.6731609833238916,0.1,0.7315997995085135,0.8,-0.8,0.3,,,,,0.08886698884584576,0.3
"LVS",1,"Consumer Cyclical",11,-55,52,35,"Included",12,25,4,835,1289,898,5078,12287,4555,4658,4777,5243,"HoldTrim",0.5329108982635461,0.5,0.7,0.4,0.18965314520870075,0.3,0.5246625119611474,0.1,0.7576453021323513,0.8,-1.0,0.3,,,0.7,0.2,0.3148147030719324,0.3
"MPWR",1,"Technology",7,24,55,-1,"Included",29,25,4,1686,4090,6646,1795,2198,142320,136462,138869,125472,"HoldTrim",0.6418099482200917,0.5,-1.0,0.4,-1.0,0.3,-0.6887421582002446,0.1,-0.23438713924977292,0.8,1.0,0.3,,,0.7,0.2,0.5333333333333332,0.3
"EPAM",1,"Technology",52,-25,26,17,"Included",21,25,4,1370,703,582,145,1118,9887,9739,9699,12630,"HoldTrim",0.5447479864551286,0.5,-0.48888888888888893,0.4,1.0,0.3,-0.018511032236989244,0.1,0.22311856117419063,0.8,2.220446049250313E-16,0.3,,,0.7,0.2,-0.41221545783619323,0.3
"BSX",0,"Healthcare",9,-28,36,24,"Included",16,25,4,566,1465,1496,292,1534,5036,4724,4815,6625,"HoldTrim",0.08740089840337399,0.5,1.0,0.4,0.2101508916323733,0.3,-0.2856647489613302,0.1,-0.07512682720761406,0.8,2.220446049250313E-16,0.3,0.8,0.3,,,0.5333333333333332,0.3
"KDP",0,"Consumer Defensive",3,-48,44,41,"Included",10,25,4,411,1140,1723,156,510,2891,3048,3051,2975,"HoldTrim",0.4738562091503267,0.5,1.0,0.4,0.43106016068979036,0.3,0.7115858604509393,0.1,0.6354238848299166,0.8,-0.8,0.3,0.8,0.3,,,0.43394481102537497,0.3
"CBRE",0,"Real Estate",-17,22,43,15,"Included",21,25,4,1193,1619,2339,507,1580,14688,14475,14134,14514,"HoldTrim",0.4229938904385945,0.5,-0.09555555555555562,0.4,-0.4839506172839506,0.3,-0.34402796973784255,0.1,-0.1362336448763499,0.8,0.8,0.3,0.8,0.3,,,0.4663480329634955,0.3
"CTVA",0,"Basic Materials",-13,-27,47,33,"Included",12,25,4,569,1844,1258,202,426,7618,8145,8200,7783,"HoldTrim",0.23436856990989505,0.5,1.0,0.4,0.3987654320987652,0.3,0.49475956172324476,0.1,0.5218282581296009,0.8,-0.8,0.3,,,,,0.5333333333333332,0.3
"AJG",0,"Financial Services",-27,12,29,24,"Included",15,25,4,502,1686,1806,271,672,25088,24995,24024,23956,"HoldTrim",-0.06758707643239677,0.5,1.0,0.4,0.024387615128355942,0.3,-0.06966069261902832,0.1,-0.12664529668145316,0.8,1.0,0.3,,,,,0.5333333333333332,0.3
"VTR",0,"Real Estate",-49,29,37,21,"Included",16,25,4,731,10788,2539,308,201,8810,9291,9105,8401,"HoldTrim",-0.2289039295944807,0.5,0.931111111111111,0.4,-0.6444444444444445,0.3,0.16951323825892173,0.1,0.3022685408845126,0.8,0.0,0.3,0.8,0.3,,,0.4914410769918278,0.3
"RSG",0,"Industrials",-18,12,30,14,"Included",18,25,4,396,2679,1520,556,1815,21629,21401,21368,21636,"HoldTrim",0.10203663289924034,0.5,1.0,0.4,-0.5207916911620616,0.3,-0.24964928808654163,0.1,0.003242289737630028,0.8,2.220446049250313E-16,0.3,,,,,0.5333333333333332,0.3
"STE",0,"Healthcare",-1,27,15,7,"Included",22,25,4,914,1958,1516,324,1139,23966,22753,22100,22840,"HoldTrim",-0.0034590519032446426,0.5,0.5244444444444445,0.4,0.005055849500293795,0.3,-0.23921873691199247,0.1,-0.6182886601397755,0.8,0.8,0.3,0.8,0.3,,,0.2182322308849569,0.3
"AME",0,"Industrials",-15,54,26,-14,"Included",29,25,4,997,2863,2391,524,1456,25720,24545,23895,22270,"HoldTrim",0.103621015641555,0.5,0.33999999999999986,0.4,-0.8252400548696845,0.3,-0.964715629598684,0.1,-0.8997264185778635,0.8,1.0,0.3,,,,,0.5333333333333332,0.3
"VRSN",0,"Technology",-10,41,0,9,"Included",20,25,4,703,2695,2344,,,29587,28538,27857,26690,"HoldTrim",0.3193573505928656,0.5,0.9933333333333332,0.4,-0.668724279835391,0.3,-0.7118078425035559,0.1,-0.6265177598829227,0.8,1.0,0.3,,,0.7,0.2,0.274188818125356,0.3
"MET",0,"Financial Services",-33,46,20,6,"Included",21,25,4,763,891,1410,229,1309,9691,9535,9102,8255,"HoldTrim",-0.5722222222222222,0.5,0.8599999999999999,0.4,0.5297961983147168,0.3,,,-0.633725147066394,0.8,1.0,0.3,,,,,0.5333333333333332,0.3
"PH",0,"Industrials",-8,59,26,-18,"Included",32,25,4,1128,2808,2545,927,2508,107456,100454,96878,90840,"HoldTrim",0.22155818307638994,0.5,0.04888888888888898,0.4,-0.8101508916323732,0.3,-0.9457939433073614,0.1,-1.0,0.8,1.0,0.3,,,,,0.5333333333333332,0.3
"ADP",0,"Technology",11,17,-1,13,"Included",19,25,4,823,2023,1716,1787,7224,27097,26158,24668,24266,"HoldTrim",0.5224822013521239,0.5,0.7266666666666666,0.4,-0.444522829708015,0.3,-0.5657120439747888,0.1,-0.6662488438959585,0.8,1.0,0.3,,,0.7,0.2,0.5333333333333332,0.3
"IEX",0,"Industrials",-12,51,18,-9,"Included",27,25,4,976,2486,1908,434,1296,23682,23013,22412,20321,"HoldTrim",0.10004618899665911,0.5,0.3866666666666667,0.4,-0.5509112286890064,0.3,-0.8318497147368599,0.1,-0.6865198456004762,0.8,1.0,0.3,,,,,0.09749121993666032,0.3
"AKAM",1,"Technology",-32,11,36,19,"Included",15,24,4,645,1640,2120,355,892,11747,11804,12098,10913,"HoldTrim",-0.0891028859934162,0.5,1.0,0.4,-0.22119341563786007,0.3,-0.033262997920517415,0.1,0.23351257181238277,0.8,0.0,0.3,,,0.7,0.2,0.08360720593808746,0.3
"VRSK",1,"Industrials",-13,-24,45,29,"Included",13,24,4,664,2078,1824,,,18071,19205,18913,20057,"HoldTrim",0.41729573107591894,0.5,1.0,0.4,-0.2751322751322753,0.3,0.6885406480139098,0.1,0.6693177223874547,0.8,-1.0,0.3,,,,,0.220957936959975,0.3
"EME",1,"Industrials",2,21,31,2,"Included",24,24,4,1147,2254,1775,898,4035,82836,79140,79694,76028,"HoldTrim",0.28979112580103045,0.5,0.006666666666666821,0.4,-0.539114246521654,0.3,-0.6348851251291561,0.1,-0.33873110612221163,0.8,1.0,0.3,,,,,0.40341376494834247,0.3
"HSY",0,"Consumer Defensive",14,-16,9,28,"Included",12,24,4,97,1844,1538,801,3281,18199,17888,18030,18782,"HoldTrim",0.3819625239625405,0.5,1.0,0.4,-0.30123456790123465,0.3,-0.27397142777128447,0.1,0.14647006188082468,0.8,2.220446049250313E-16,0.3,0.8,0.3,,,0.40372638223272617,0.3
"EIX",0,"Utilities",8,-14,10,32,"Included",11,24,4,651,1048,796,150,1973,6822,7286,7345,6841,"HoldTrim",-0.19838473004227647,0.5,1.0,0.4,0.9578875171467763,0.3,0.20627610729475443,0.1,0.5198982919470515,0.8,-0.8,0.3,0.8,0.3,,,0.26645735838225004,0.3
"NOC",0,"Industrials",-18,23,19,11,"Included",18,24,4,-108,1902,1335,460,2696,57886,55079,54984,58773,"HoldTrim",0.19389443837278597,0.5,1.0,0.4,-0.13566529492455404,0.3,-0.47966636262876106,0.1,-0.29292377713791784,0.8,2.220446049250313E-16,0.3,,,,,0.5333333333333332,0.3
"HII",0,"Industrials",-27,48,13,3,"Included",21,24,4,241,1608,1364,247,1297,33349,30874,30629,32711,"HoldTrim",-0.5761437908496733,0.5,1.0,0.4,0.3240936703899667,0.3,,,-0.4365670953345261,0.8,0.8,0.3,,,,,-0.020186139851951834,0.3
"MAA",0,"Real Estate",7,-1,11,19,"Included",16,24,4,720,,1710,282,705,13216,13396,13396,13331,"HoldTrim",0.14121279045421103,0.5,0.9555555555555557,0.4,-0.16428571428571434,0.3,0.21062808005325784,0.1,0.26229024154487185,0.8,-0.8,0.3,0.8,0.3,,,0.05409945545093653,0.3
"PPG",0,"Basic Materials",3,7,18,21,"Included",16,24,4,1063,1343,1174,307,1930,11678,11645,11576,11169,"HoldTrim",0.2625165834331706,0.5,0.19333333333333336,0.4,0.3862139917695473,0.3,-0.26312010561593213,0.1,-0.023843112135731377,0.8,1.0,0.3,,,,,0.2610104870439729,0.3
"AAPL",0,"Technology",-8,39,12,10,"Included",21,24,4,1086,3219,2692,4159,14875,30612,31587,30972,28221,"HoldTrim",0.26183313614165726,0.5,0.14222222222222225,0.4,-0.9229080932784637,0.3,0.16611484363040074,0.1,0.10539100342466584,0.8,0.0,0.3,,,0.7,0.2,0.5333333333333332,0.3
"BAX",0,"Healthcare",12,27,-11,7,"Included",19,24,4,595,1359,1160,230,-1437,2762,2545,2310,2090,"HoldTrim",-0.08091923713524556,0.5,1.0,0.4,0.5318244170096023,0.3,-0.28568248073875385,0.1,-1.0,0.8,1.0,0.3,0.8,0.3,,,0.014227482562535476,0.3
"TPR",0,"Consumer Cyclical",12,66,11,-17,"Included",31,24,4,1464,2086,1835,4846,6091,16345,15339,14808,13736,"HoldTrim",0.4373154575637064,0.5,-0.6977777777777778,0.4,-0.5247697432882618,0.3,-0.8993872698918346,0.1,-1.0,0.8,1.0,0.3,,,0.7,0.2,0.36152092321459484,0.3
"NUE",0,"Basic Materials",24,61,29,-34,"Included",38,24,4,1892,1467,1201,285,1455,27610,25862,24571,20544,"HoldTrim",0.09556540732530933,0.5,-1.0,0.4,0.37864981383499907,0.3,-0.8618571521058064,0.1,-1.0,0.8,1.0,0.3,,,,,-0.8,0.3
"KHC",0,"Consumer Defensive",13,9,-22,35,"Included",10,24,4,83,1175,838,81,-876,2458,2555,2494,2447,"HoldTrim",-0.03990450331714598,0.5,1.0,0.4,0.9934156378600824,0.3,0.14492803841547594,0.1,0.2478291269431233,0.8,0.0,0.3,0.8,0.3,,,0.30971254689957783,0.3
"BBY",0,"Consumer Cyclical",38,41,-16,1,"Included",25,24,4,1317,1190,749,574,3910,8396,8392,7978,7236,"HoldTrim",0.45597840730632294,0.5,-0.37111111111111117,0.4,0.2956496178718403,0.3,-0.288180636816897,0.1,-0.3907467829096023,0.8,1.0,0.3,,,0.7,0.2,-0.8,0.3
"PFG",0,"Financial Services",-1,45,-16,13,"Included",18,24,4,880,1082,1083,199,1295,11228,11281,10989,9826,"HoldTrim",-0.06728649179877674,0.5,0.6000000000000001,0.4,0.7059670781893003,0.3,-0.16108498063400634,0.1,-0.3145290321125682,0.8,0.5999999999999999,0.3,,,,,0.2303590584526638,0.3
"TGT",0,"Consumer Defensive",10,62,-23,-5,"Included",24,24,4,973,1713,1016,427,2202,15410,14444,13771,12154,"HoldTrim",0.4330025233509307,0.5,0.3933333333333333,0.4,0.14608073682147757,0.3,-0.9897167386112999,0.1,-1.0,0.8,1.0,0.3,0.8,0.3,,,-0.8,0.3
"CPRT",1,"Industrials",19,-32,35,23,"Included",15,23,4,1014,1748,1188,310,1761,2941,2913,2976,3479,"HoldTrim",0.5661699855940606,0.5,0.30222222222222217,0.4,0.26213991769547307,0.3,-6.640418447145802E-5,0.1,0.4108858947584436,0.8,-0.6000000000000001,0.3,,,,,0.28157822953317724,0.3
"HPE",0,"Technology",-7,52,33,-12,"Included",28,23,4,1436,1338,1571,282,632,5397,4985,4609,3412,"HoldTrim",-0.048972799319085825,0.5,-0.6355555555555557,0.4,0.22382912012541623,0.3,-0.3004939767910215,0.1,-0.9448856563631831,0.8,1.0,0.3,,,0.7,0.2,0.5333333333333332,0.3
"MCO",0,"Financial Services",0,14,43,6,"Included",22,23,4,1330,2525,2198,2734,7693,47757,48127,47468,47312,"HoldTrim",0.326728749887889,0.5,-0.3999999999999999,0.4,-0.7325102880658435,0.3,0.03031566115470974,0.1,0.0782117694666425,0.8,0.5999999999999999,0.3,,,,,0.5333333333333332,0.3
"IBKR",0,"Financial Services",10,21,28,4,"Included",23,23,4,1343,2842,,690,2402,9046,9005,8928,7966,"HoldTrim",0.49758454106280214,0.5,-0.4288888888888889,0.4,-0.7292181069958847,0.3,-0.3712244052347585,0.1,-0.21945487662319801,0.8,1.0,0.3,,,,,0.5333333333333332,0.3
"PTC",0,"Technology",7,13,19,5,"Included",21,23,4,988,1703,1383,483,3505,15140,13608,13209,15045,"HoldTrim",0.6651023063374882,0.5,0.3599999999999999,0.4,-0.1490593768371546,0.3,-0.4824963654040939,0.1,-0.7901601670369607,0.8,0.8,0.3,,,0.7,0.2,0.07229782244160643,0.3
"HRL",0,"Consumer Defensive",-2,6,3,23,"Included",12,23,4,331,1560,1061,168,583,2432,2505,2454,2409,"HoldTrim",-0.0658100084304299,0.5,1.0,0.4,0.6438761512835587,0.3,0.18500273047035387,0.1,0.2761529479404857,0.8,0.0,0.3,0.8,0.3,,,-0.8,0.3
"LYB",0,"Basic Materials",7,7,-4,21,"Included",13,23,4,347,986,898,192,-227,6354,6046,6125,6000,"HoldTrim",-0.29830675147393004,0.5,1.0,0.4,0.8431510875955321,0.3,-0.2537560989268692,0.1,-0.22056835232805155,0.8,1.0,0.3,,,,,0.164566830945181,0.3
"GE",0,"Industrials",-14,58,32,-14,"Included",28,23,4,1366,4085,3405,2181,4823,37076,36330,35113,32119,"HoldTrim",0.1895702229757924,0.5,-0.48,0.4,-1.0,0.3,-0.7000200218466235,0.1,-0.5320197494036465,0.8,1.0,0.3,,,,,0.5333333333333332,0.3
"A",0,"Healthcare",-5,44,26,-10,"Included",26,23,4,1229,2258,2171,592,2133,14932,14009,13450,12836,"HoldTrim",0.20784208901509252,0.5,-0.17555555555555546,0.4,-0.6592592592592593,0.3,-0.8437767505564115,0.1,-0.955488913146532,0.8,1.0,0.3,0.8,0.3,,,0.46272895613712994,0.3
"HD",0,"Consumer Cyclical",0,19,19,4,"Included",21,23,4,959,2213,1651,2562,12838,35645,34384,33829,34813,"HoldTrim",0.4870642627851207,0.5,0.4244444444444444,0.4,-0.4622574955908289,0.3,-0.5680404652303035,0.1,-0.28443135043281825,0.8,0.8,0.3,,,0.7,0.2,-0.8,0.3
"RVTY",0,"Healthcare",-15,53,8,1,"Included",22,23,4,1072,1968,1761,179,321,11620,11276,10855,9977,"HoldTrim",-0.04547633689120207,0.5,0.17333333333333334,0.4,0.14120125416421714,0.3,-0.34957618176860605,0.1,-0.6980491241575383,0.8,1.0,0.3,0.8,0.3,,,-0.02661369517984702,0.3
"BF.B",0,"Consumer Defensive",4,18,-19,30,"Included",11,23,4,340,1633,1286,317,1785,2782,2767,2709,2738,"HoldTrim",0.4154233887901843,0.5,1.0,0.4,0.22887517146776404,0.3,-0.30888635759109606,0.1,-0.11317791412055281,0.8,0.8,0.3,0.8,0.3,,,-0.03263965242488098,0.3
"EXPD",0,"Industrials",6,60,-19,-1,"Included",23,23,4,1045,2248,1805,1094,4267,17823,17504,16955,15343,"HoldTrim",0.366646283373178,0.5,0.2333333333333334,0.4,-0.5533411718596903,0.3,-0.6177662269661635,0.1,-0.5456055669070781,0.8,1.0,0.3,,,,,0.2146957589858305,0.3
"STX",1,"Technology",-8,16,64,-2,"Included",24,22,4,2102,1458,4081,16541,37153,80720,83668,83487,60275,"HoldTrim",0.08428108366748369,0.5,-1.0,0.4,-0.4397805212620028,0.3,-0.06378796347856108,0.1,0.16103953049265707,0.8,0.0,0.3,,,0.7,0.2,0.5333333333333332,0.3
"KR",1,"Consumer Defensive",25,-64,38,27,"Included",10,22,4,409,1017,821,609,1378,5637,5767,5952,6457,"HoldTrim",0.2020229396193079,0.5,1.0,0.4,0.30501665686850854,0.3,0.5913015092535518,0.1,0.7340866010178994,0.8,-1.0,0.3,0.8,0.3,,,-0.8,0.3
"JBL",0,"Technology",5,26,25,0,"Included",22,22,4,1304,2114,1580,2805,6588,35401,33017,33358,29696,"HoldTrim",0.2820927987085833,0.5,-0.3422222222222222,0.4,-0.3975308641975308,0.3,-0.7681180951142929,0.1,-0.4644729624845951,0.8,1.0,0.3,,,0.7,0.2,0.40967249040022113,0.3
"TSN",0,"Consumer Defensive",17,-36,15,31,"Included",9,22,4,378,1259,991,110,326,5640,5830,5902,5979,"HoldTrim",-0.111326384804376,0.5,1.0,0.4,0.870899470899471,0.3,0.2040036677005552,0.1,0.5758915283846531,0.8,-1.0,0.3,0.8,0.3,,,0.15049078079856903,0.3
"MGM",0,"Consumer Cyclical",19,6,18,12,"Included",18,22,4,1296,2126,1751,435,1892,4342,4514,4492,4028,"HoldTrim",0.4216689176234741,0.5,-0.32444444444444454,0.4,-0.37092886537330977,0.3,0.4657515654612656,0.1,0.3300782095190165,0.8,0.0,0.3,,,0.7,0.2,-0.0897670421216944,0.3
"DOV",0,"Industrials",3,-1,35,9,"Included",18,22,4,1156,1826,1561,371,1491,21248,20961,21227,20688,"HoldTrim",0.10908080360885591,0.5,-0.01333333333333342,0.4,-0.06957671957671965,0.3,-0.4891876835818506,0.1,-0.10632029733473707,0.8,1.0,0.3,,,,,0.30218530213097705,0.3
"MS",0,"Financial Services",2,22,19,8,"Included",19,22,4,1209,1573,,316,1797,21451,21482,21200,18959,"HoldTrim",0.10966183574879218,0.5,-0.13111111111111118,0.4,0.30411522633744853,0.3,-0.347191978539826,0.1,-0.1974687285421755,0.8,0.5999999999999999,0.3,,,,,0.5333333333333332,0.3
"CSCO",0,"Technology",-7,22,23,0,"Included",20,22,4,1002,2551,2937,986,2523,12228,11784,11470,9648,"HoldTrim",0.22095119112139966,0.5,0.3288888888888888,0.4,-0.7396433470507545,0.3,-0.8231841963579907,0.1,-0.6635987151263595,0.8,1.0,0.3,,,0.7,0.2,0.5333333333333332,0.3
"ABT",0,"Healthcare",-26,13,29,13,"Included",15,22,4,581,1808,1847,371,1058,10964,10402,9916,10577,"HoldTrim",0.04205602091523616,0.5,1.0,0.4,-0.21596119929453256,0.3,-0.4868805452733078,0.1,-0.6545875175646024,0.8,0.8,0.3,0.8,0.3,,,0.5333333333333332,0.3
"PCAR",0,"Industrials",-23,56,5,2,"Included",20,22,4,985,1857,2300,343,1276,13243,13076,12606,11733,"HoldTrim",-0.07511492900023002,0.5,0.3666666666666667,0.4,-0.25850480109739377,0.3,-0.2340705466891343,0.1,-0.4945414706922504,0.8,1.0,0.3,,,,,0.5333333333333332,0.3
"CSX",0,"Industrials",-7,45,15,-4,"Included",23,22,4,1211,2214,1624,661,2436,5029,5031,4887,4332,"HoldTrim",0.08128173446368464,0.5,-0.13555555555555565,0.4,-0.44824612972761124,0.3,-0.35939839920966576,0.1,-0.33695003437056903,0.8,0.5999999999999999,0.3,,,,,0.5333333333333332,0.3
"SPG",0,"Real Estate",-10,39,-2,1,"Included",19,22,4,,3284,1970,1482,12429,22006,22510,22060,20186,"HoldTrim",0.5210367112130403,0.5,,,-0.924867724867725,0.3,0.175731351884012,0.1,0.024229618773642256,0.8,0.0,0.3,0.8,0.3,,,-0.8,0.3
"FFIV",0,"Technology",-6,44,0,2,"Included",20,22,4,1033,2298,2368,612,1983,41537,40641,39643,34366,"HoldTrim",0.2757877164742052,0.5,0.26,0.4,-0.6702331961591221,0.3,-0.7727487493301542,0.1,-0.5103505360504922,0.8,1.0,0.3,,,0.7,0.2,0.22095948782375086,0.3
"EMR",0,"Industrials",4,50,14,-15,"Included",27,22,4,1235,2240,1653,443,1280,16200,15158,14623,14079,"HoldTrim",0.22990040747612225,0.5,-0.18888888888888888,0.4,-0.3651675485008818,0.3,-0.8570206625295956,0.1,-0.9565580347077081,0.8,1.0,0.3,,,,,0.5333333333333332,0.3
"CMG",1,"Consumer Cyclical",-26,-20,62,17,"Included",14,21,4,937,2336,1996,1843,4956,3197,3386,3360,3506,"HoldTrim",0.17369910871964328,0.5,0.4733333333333334,0.4,-0.6785420340975897,0.3,0.43297501882927425,0.1,0.5991587821453059,0.8,-1.0,0.3,,,0.7,0.2,0.44559150706227135,0.3
"CRH",1,"Basic Materials",8,-42,66,13,"Included",16,21,4,1204,1525,1102,281,1581,10137,10070,10352,10971,"HoldTrim",0.00542283737203343,0.5,-0.1200000000000001,0.4,0.42252596511855756,0.3,0.012611708805362554,0.1,0.41544758644776886,0.8,-0.6000000000000001,0.3,,,,,0.5333333333333332,0.3
"CCL",1,"Consumer Cyclical",4,18,35,12,"Included",19,21,4,2338,1071,848,299,2669,2824,2796,2767,2794,"HoldTrim",0.22697140660985776,0.5,-1.0,0.4,0.6481383499902017,0.3,-0.2751161303568058,0.1,8.046289844326143E-4,0.8,0.8,0.3,,,0.7,0.2,0.4271368756432956,0.3
"BG",1,"Consumer Defensive",-27,-5,30,24,"Included",9,21,4,650,991,1260,135,718,11237,11198,11504,11138,"HoldTrim",-0.765359477124183,0.5,1.0,0.4,0.7558005095042133,0.3,,,0.10072072174199229,0.8,0.5999999999999999,0.3,0.8,0.3,,,0.18544142798373664,0.3
"BXP",0,"Real Estate",-22,28,19,14,"Included",15,21,4,1039,3236,1811,209,531,6770,6901,6691,6405,"HoldTrim",0.07301663563216525,0.5,0.2466666666666666,0.4,-0.2886831275720165,0.3,0.10602855905659747,0.1,0.012388772096004752,0.8,0.5999999999999999,0.3,0.8,0.3,,,-0.04942606411671291,0.3
"IR",0,"Industrials",-17,40,19,1,"Included",19,21,4,1161,2222,1857,330,947,8666,8502,8195,8088,"HoldTrim",0.013083694660697635,0.5,-0.02444444444444449,0.4,-0.2589065255731922,0.3,-0.4194832456603189,0.1,-0.32015036643631156,0.8,1.0,0.3,,,,,0.3690247793331576,0.3
"TAP",0,"Consumer Defensive",1,-2,-6,29,"Included",8,21,4,427,848,619,77,-1947,4174,4162,4125,4384,"HoldTrim",-0.1403222285250109,0.5,1.0,0.4,1.0,0.3,-6.317741461725036E-4,0.1,0.23089086886438182,0.8,2.220446049250313E-16,0.3,0.8,0.3,,,-0.2371279611345799,0.3
"ODFL",0,"Industrials",19,6,4,14,"Included",15,21,4,1177,3219,2443,972,2482,21303,21946,22046,19723,"HoldTrim",0.8307167590198162,0.5,-0.06000000000000005,0.4,-0.9229080932784637,0.3,0.12207519746604079,0.1,0.1955602632029089,0.8,0.0,0.3,,,,,0.48322900385824585,0.3
"EW",0,"Healthcare",-48,41,31,2,"Included",17,21,4,846,2753,2484,505,918,9301,8854,8755,8418,"HoldTrim",-0.1067648396448025,0.5,0.6755555555555555,0.4,-0.7950617283950617,0.3,-0.35948929337841384,0.1,-0.7073537772779194,0.8,1.0,0.3,0.8,0.3,,,0.5333333333333332,0.3
"FDX",0,"Industrials",13,19,19,4,"Included",20,21,4,1360,1568,898,247,1485,32545,31572,31517,28336,"HoldTrim",0.3719705967706187,0.5,-0.46666666666666656,0.4,0.5816284538506761,0.3,-0.9122163391304923,0.1,-0.5118862790414036,0.8,1.0,0.3,,,,,0.5333333333333332,0.3
"DPZ",0,"Consumer Cyclical",4,6,11,10,"Included",15,21,4,951,1692,1609,,,35335,34362,33254,36251,"HoldTrim",0.4108537102763691,0.5,0.44222222222222207,0.4,0.05435038212815978,0.3,-0.2872096063710533,0.1,-0.20415443229855346,0.8,2.220446049250313E-16,0.3,,,0.7,0.2,-0.06867292825537086,0.3
"SHW",0,"Basic Materials",-6,33,23,-8,"Included",23,21,4,1093,2688,2172,2290,6512,36563,34864,33687,33475,"HoldTrim",0.24975069639480288,0.5,0.1266666666666667,0.4,-0.7772290809327846,0.3,-0.7416631369307145,0.1,-0.7146322250874473,0.8,1.0,0.3,,,,,0.5333333333333332,0.3
"WAT",0,"Healthcare",-27,60,25,-13,"Included",25,21,4,1184,2482,3113,264,192,41108,38829,37405,34822,"HoldTrim",-0.3758454106280193,0.5,-0.0755555555555556,0.4,-0.283676268861454,0.3,,,-0.9821474092553052,0.8,1.0,0.3,0.8,0.3,,,0.4446364209547944,0.3
"LDOS",0,"Technology",11,10,-3,6,"Included",16,21,4,546,1099,980,338,2778,14213,12280,12068,14677,"HoldTrim",0.42171160180592737,0.5,1.0,0.4,0.4983931020968059,0.3,-0.5565708997822353,0.1,-0.8563491134725025,0.8,2.220446049250313E-16,0.3,,,0.7,0.2,0.10635509379463726,0.3
"AMP",0,"Financial Services",16,33,2,-7,"Included",23,21,4,1137,1084,,776,6343,55886,53954,51185,48726,"HoldTrim",0.32263700574463494,0.5,0.028888888888888964,0.4,-0.0057613168724279795,0.3,-0.8446928630846939,0.1,-0.9493198018655512,0.8,1.0,0.3,,,,,0.528016908291884,0.3
"EA",0,"Communication Services",-4,29,-5,4,"Included",17,21,4,642,2172,3036,777,1646,20970,20731,20516,19958,"HoldTrim",0.1991183497885946,0.5,1.0,0.4,-0.6356652949245543,0.3,-0.8919361467047504,0.1,-0.8648447864552029,0.8,1.0,0.3,,,0.7,0.2,0.5333333333333332,0.3
"CPB",0,"Consumer Defensive",45,-16,-36,30,"Included",8,21,4,8,1155,799,166,1539,2247,2243,2218,2443,"HoldTrim",0.31596559139784935,0.5,1.0,0.4,0.8973153047227121,0.3,0.0088379425371381,0.1,0.25580149948957115,0.8,2.220446049250313E-16,0.3,0.8,0.3,,,-0.8,0.3
"AMT",1,"Real Estate",-1,-41,47,20,"Included",10,20,4,894,2441,1825,2141,3391,17093,17091,17294,18022,"HoldTrim",0.24425736305933982,0.5,0.568888888888889,0.4,-0.6168724279835391,0.3,0.05442743179484344,0.1,0.37911232402537265,0.8,-0.6000000000000001,0.3,0.8,0.3,,,0.5333333333333332,0.3
"WMB",0,"Energy",-35,1,41,12,"Included",12,20,4,615,2749,1716,672,2150,7231,7222,7294,6967,"HoldTrim",-0.32778438748980676,0.5,1.0,0.4,-0.6436997844405251,0.3,-0.09675486044687004,0.1,-0.007809366597135467,0.8,0.5999999999999999,0.3,,,,,0.5333333333333332,0.3
"ADI",0,"Technology",4,22,26,-9,"Included",22,20,4,1212,2611,3127,568,964,39330,38040,38536,34526,"HoldTrim",0.20939413786080316,0.5,-0.13777777777777778,0.4,-0.7561042524005488,0.3,-0.7636492438697691,0.1,-0.29067313080021207,0.8,1.0,0.3,,,0.7,0.2,-0.8,0.3
"DLR",0,"Real Estate",-34,17,41,11,"Included",15,20,4,1042,6574,2860,267,291,19281,18908,18697,18048,"HoldTrim",0.11835998136091781,0.5,0.24,0.4,-0.5685185185185185,0.3,-0.5718051998708704,0.1,-0.3315668628486792,0.8,1.0,0.3,0.8,0.3,,,0.5333333333333332,0.3
"UDR",0,"Real Estate",3,-22,19,21,"Included",10,20,4,691,6698,1829,416,1374,3750,3873,3870,3753,"HoldTrim",0.3325909910848331,0.5,1.0,0.4,-0.753968253968254,0.3,0.5354870575070905,0.1,0.41720328786110417,0.8,-0.8,0.3,0.8,0.3,,,-5.246616330226717E-4,0.3
"DELL",0,"Technology",-9,52,23,-12,"Included",24,20,4,1401,2019,2255,,,44471,43044,39745,26769,"HoldTrim",-0.005186862502107499,0.5,-0.5577777777777777,0.4,-0.39053497942386833,0.3,-0.2729288587274456,0.1,-0.7666847004463377,0.8,1.0,0.3,,,0.7,0.2,0.5333333333333332,0.3
"UPS",0,"Industrials",6,-12,15,26,"Included",10,20,4,1038,1295,941,591,2960,10465,10784,10805,10306,"HoldTrim",0.4655326507543928,0.5,0.24888888888888894,0.4,0.16525573192239856,0.3,0.20218856258445128,0.1,0.28908736629020293,0.8,0.0,0.3,,,,,0.5333333333333332,0.3
"JCI",0,"Industrials",-5,55,11,-13,"Included",24,20,4,1317,2572,2316,695,1433,15465,14757,14446,13355,"HoldTrim",0.4471143204253654,0.5,-0.37111111111111117,0.4,-0.7454046639231825,0.3,-0.9084973820903328,0.1,-0.7870412995734761,0.8,1.0,0.3,,,,,0.5333333333333332,0.3
"ALLE",0,"Industrials",8,22,2,-9,"Included",20,20,4,845,1722,1523,674,3373,16790,15715,14782,15006,"HoldTrim",0.28046712187624406,0.5,0.6777777777777778,0.4,-0.25982755242014505,0.3,-0.6415863728535894,0.1,-0.9991464722804945,0.8,0.8,0.3,,,,,0.014188924207350406,0.3
"AMCR",0,"Consumer Cyclical",-36,38,6,12,"Included",13,20,4,593,1100,1155,187,874,4705,4561,4367,4275,"HoldTrim",-0.49972532922414903,0.5,1.0,0.4,0.6851557907113464,0.3,,,-0.5755565671686369,0.8,1.0,0.3,,,0.7,0.2,0.18850608004440172,0.3
"PKG",0,"Consumer Cyclical",-37,55,4,0,"Included",17,20,4,807,2019,1319,494,1489,25595,24706,23766,22213,"HoldTrim",-0.1424378459585186,0.5,0.7622222222222224,0.4,-0.22226141485400733,0.3,-0.31299779977053677,0.1,-0.8142850352004661,0.8,1.0,0.3,,,0.7,0.2,0.20814487958704753,0.3
"FICO",1,"Technology",5,-42,64,16,"Included",12,19,4,1321,1941,2218,,,102926,113864,117173,127354,"HoldTrim",0.36603823275430697,0.5,-0.3799999999999999,0.4,-0.3584362139917696,0.3,0.7065461908510919,0.1,0.7805369422628442,0.8,-1.0,0.3,,,0.7,0.2,0.19756232763112913,0.3
"NXPI",1,"Technology",31,-26,43,13,"Included",16,19,4,1825,1327,1322,531,2792,24010,25060,26541,24966,"HoldTrim",0.6631297805483355,0.5,-1.0,0.4,-0.04511071918479326,0.3,0.30670815323592393,0.1,0.5310064128498319,0.8,-0.8,0.3,,,0.7,0.2,0.5333333333333332,0.3
"TDG",0,"Industrials",-11,-7,31,8,"Included",13,19,4,906,2565,1932,,,124031,125266,125500,127733,"HoldTrim",0.16387530904415556,0.5,0.5422222222222222,0.4,-0.5612580834803057,0.3,0.071474678966156,0.1,0.3053465437252867,0.8,-1.0,0.3,,,,,0.5333333333333332,0.3
"REG",0,"Real Estate",-4,-27,24,24,"Included",7,19,4,819,2997,1807,208,819,7564,7918,7939,7658,"HoldTrim",0.12004475863011874,0.5,0.7355555555555555,0.4,-0.219145600627082,0.3,0.7455389087218993,0.1,0.5742514231483695,0.8,-0.8,0.3,0.8,0.3,,,0.010208623371892656,0.3
"FRT",0,"Real Estate",-28,-3,33,21,"Included",9,19,4,929,3766,1830,315,1255,11622,12176,12125,11171,"HoldTrim",0.14928544385689801,0.5,0.49111111111111105,0.4,-0.5674603174603174,0.3,0.6065166760603897,0.1,0.42179479695478245,0.8,0.0,0.3,0.8,0.3,,,-0.12676803343826937,0.3
"KMI",0,"Energy",-13,-8,20,18,"Included",10,19,4,554,2051,1355,222,1099,3152,3172,3196,3090,"HoldTrim",-0.33854299883406924,0.5,1.0,0.4,0.253615520282187,0.3,,,0.08500267797045627,0.8,0.0,0.3,,,,,0.5333333333333332,0.3
"TTWO",0,"Communication Services",-41,38,32,-1,"Included",17,19,4,983,2468,6332,1342,-904,25420,24299,23768,22968,"HoldTrim",-0.04295380067244454,0.5,0.37111111111111095,0.4,-0.7168724279835391,0.3,-0.3475213255138817,0.1,-0.6394036537170457,0.8,1.0,0.3,,,0.7,0.2,0.5123517397919213,0.3
"PEP",0,"Consumer Defensive",15,-47,16,33,"Included",5,19,4,361,1531,1222,850,5151,13752,13892,14123,14698,"HoldTrim",0.310478095223747,0.5,1.0,0.4,-0.04816774446404085,0.3,0.349756915777645,0.1,0.5915816317475829,0.8,-1.0,0.3,0.8,0.3,,,0.5333333333333332,0.3
"RMD",0,"Healthcare",-10,5,2,17,"Included",9,19,4,748,1662,1471,484,2427,22009,21128,20739,22755,"HoldTrim",0.2032378425590442,0.5,0.8933333333333333,0.4,-0.18622378992749372,0.3,-0.36193032671160974,0.1,-0.18608186104567948,0.8,2.220446049250313E-16,0.3,0.8,0.3,,,0.347495420830255,0.3
"KMB",0,"Consumer Defensive",-21,4,2,31,"Included",5,19,4,276,1441,1196,2046,10491,10768,10934,10718,10739,"HoldTrim",0.07915832956085223,0.5,1.0,0.4,-0.009719772682735705,0.3,0.2232471662437756,0.1,0.23694731566487431,0.8,0.19999999999999996,0.3,0.8,0.3,,,0.3949763145114036,0.3
"AVB",0,"Real Estate",-25,2,13,24,"Included",7,19,4,773,3763,1912,216,849,18331,18813,18734,18294,"HoldTrim",0.1297988098500644,0.5,0.8377777777777777,0.4,-0.4275132275132276,0.3,0.3906058333203666,0.1,0.2404714880512594,0.8,0.0,0.3,0.8,0.3,,,0.2652609528797809,0.3
"CME",0,"Financial Services",-15,0,12,18,"Included",9,19,4,267,2013,2020,353,1580,26080,25817,25812,27336,"HoldTrim",0.14433257637079527,0.5,1.0,0.4,-0.3198216735253772,0.3,-0.2510778764214404,0.1,0.049204261176013134,0.8,2.220446049250313E-16,0.3,,,,,0.5333333333333332,0.3
"ESS",0,"Real Estate",-30,21,6,18,"Included",9,19,4,708,4577,2038,342,771,28290,28824,28545,26961,"HoldTrim",0.13940568399956685,0.5,0.9822222222222221,0.4,-0.7074074074074075,0.3,0.18351441293382753,0.1,0.09298420590645623,0.8,0.0,0.3,0.8,0.3,,,0.1433281472628305,0.3
"CTAS",0,"Industrials",-14,25,13,0,"Included",17,19,4,918,3374,2789,1606,4071,20629,20107,19181,18938,"HoldTrim",0.1806101805015798,0.5,0.5155555555555555,0.4,-0.9654320987654321,0.3,-0.4594159229593343,0.1,-0.5443608314297556,0.8,1.0,0.3,,,,,0.5333333333333332,0.3
"ES",0,"Utilities",-24,14,-3,27,"Included",6,19,4,702,1447,1114,164,902,7108,7280,7227,7031,"HoldTrim",-0.29598911483602103,0.5,0.9955555555555555,0.4,0.6542426023907504,0.3,0.12793780804675123,0.1,0.19838874836789686,0.8,0.0,0.3,0.8,0.3,,,0.27366753406333055,0.3
"NDSN",0,"Industrials",-15,51,1,-11,"Included",20,19,4,964,2488,2093,543,1714,31236,30141,29467,27280,"HoldTrim",0.23520287446748203,0.5,0.41333333333333333,0.4,-0.7223593964334706,0.3,-0.9017601077615238,0.1,-0.7843266960757997,0.8,1.0,0.3,,,,,0.0961953640924118,0.3
"ADM",0,"Consumer Defensive",-3,12,-19,25,"Included",7,19,4,612,1410,1581,164,764,8020,8036,7969,7239,"HoldTrim",-0.24097078869834168,0.5,1.0,0.4,0.4173035469331766,0.3,-0.08209382186102548,0.1,-0.12567582545533867,0.8,0.5999999999999999,0.3,0.8,0.3,,,0.4264045085857531,0.3
"HPQ",0,"Technology",45,32,-38,-1,"Included",18,19,4,1194,966,730,,,2908,2724,2538,2348,"HoldTrim",0.7230888882680724,0.5,-0.09777777777777774,0.4,1.0,0.3,-0.7421569881807747,0.1,-0.9921389054697298,0.8,1.0,0.3,,,0.7,0.2,-0.8,0.3
"CIEN",1,"Technology",-23,-2,63,3,"Included",16,18,4,1315,4036,7033,1904,1546,38898,39986,42752,36793,"HoldTrim",0.014874116401447769,0.5,-0.3666666666666667,0.4,-1.0,0.3,-0.05844797416522596,0.1,0.3204603311340538,0.8,0.0,0.3,,,0.7,0.2,0.5333333333333332,0.3
"WY",0,"Real Estate",-46,30,30,3,"Included",13,18,4,901,3718,3365,193,497,2530,2477,2442,2440,"HoldTrim",-0.6911246698415666,0.5,0.5533333333333332,0.4,-0.4314814814814816,0.3,,,-0.2708848037907251,0.8,1.0,0.3,0.8,0.3,,,0.11542403409075397,0.3
"WMT",0,"Consumer Defensive",-28,-18,44,14,"Included",9,18,4,605,3428,2159,949,2413,11248,11229,11487,11656,"HoldTrim",-0.0924584965259978,0.5,1.0,0.4,-0.980246913580247,0.3,-0.05198399819048097,0.1,0.24392632008940152,0.8,-0.6000000000000001,0.3,0.8,0.3,,,0.5333333333333332,0.3
"GOOGL",0,"Communication Services",-24,17,46,-4,"Included",18,18,4,1237,2387,2465,691,4868,35183,35276,35396,32522,"HoldTrim",-0.12806990154299228,0.5,-0.19333333333333336,0.4,-0.6946502057613169,0.3,-0.13153856706333206,0.1,-0.06336946412753125,0.8,0.0,0.3,,,0.7,0.2,0.5333333333333332,0.3
"YUM",0,"Consumer Cyclical",-5,-42,31,28,"Included",5,18,4,553,1927,1708,,,14376,15066,15280,15307,"HoldTrim",-0.0057207608262043064,0.5,1.0,0.4,-0.12092886537330995,0.3,0.3003344044333863,0.1,0.7253124613610771,0.8,-1.0,0.3,,,0.7,0.2,0.432860015510776,0.3
"GOOG",0,"Communication Services",-24,17,47,-4,"Included",18,18,4,1237,2377,2453,688,4868,35027,35154,35240,32412,"HoldTrim",-0.12791706492032662,0.5,-0.19333333333333336,0.4,-0.6919067215363511,0.3,-0.12853364848261412,0.1,-0.06532765210273499,0.8,0.0,0.3,,,0.7,0.2,0.5333333333333332,0.3
"AMZN",0,"Consumer Cyclical",-28,52,40,-18,"Included",23,18,4,1454,2652,1852,536,3056,27437,25938,25207,23981,"HoldTrim",-0.19988568842943866,0.5,-0.6755555555555555,0.4,-0.6890456594160298,0.3,-0.28846546503683546,0.1,-0.7497907560831288,0.8,1.0,0.3,,,0.7,0.2,0.5333333333333332,0.3
"CBOE",0,"Financial Services",-3,-3,-1,20,"Included",8,18,4,415,1865,1502,529,2630,28440,28597,28574,28154,"HoldTrim",0.08414103932720511,0.5,1.0,0.4,-0.2879482657260435,0.3,0.004868518250132903,0.1,0.19163118050847397,0.8,0.0,0.3,,,,,0.3175732622710836,0.3
"PG",0,"Consumer Defensive",-13,-30,23,30,"Included",3,18,4,377,1947,1481,628,3029,14420,14679,14719,14858,"HoldTrim",0.33936046932376435,0.5,1.0,0.4,-0.29933372525965124,0.3,0.5411770105151266,0.1,0.5041505371841329,0.8,-1.0,0.3,0.8,0.3,,,0.5333333333333332,0.3
"FCX",0,"Basic Materials",-7,44,20,-15,"Included",22,18,4,1379,1694,1252,495,1475,6929,6532,6397,5862,"HoldTrim",-0.08224264190017193,0.5,-0.508888888888889,0.4,-0.09950029394473844,0.3,-0.33257190546229776,0.1,-0.7524384793560515,0.8,1.0,0.3,,,,,0.5333333333333332,0.3
"NWS",0,"Communication Services",-10,28,,12,"Included",13,18,3,911,2188,1428,210,798,3281,3193,3103,3026,"HoldTrim",0.14667195767863275,0.5,0.5311111111111111,0.4,0.19962766999804038,0.3,-0.6068645085184696,0.1,-0.45342075107301766,0.8,1.0,0.3,,,0.7,0.2,0.1039248270737042,0.3
"ALB",1,"Basic Materials",10,-16,42,1,"Included",16,17,4,1317,1138,1237,192,265,13116,12471,13627,14393,"HoldTrim",0.06314383182854488,0.5,-0.37111111111111117,0.4,0.622085048010974,0.3,-0.5556039520153155,0.1,0.20969217603320894,0.8,-0.6000000000000001,0.3,,,,,0.04760151302508475,0.3
"DIS",0,"Communication Services",-24,19,45,-1,"Included",16,17,4,1395,1393,1077,163,801,10361,9977,9954,10364,"HoldTrim",-0.30529124669044794,0.5,-0.5444444444444445,0.4,0.6904859886341366,0.3,-0.1910197006920909,0.1,-0.1891772722314729,0.8,2.220446049250313E-16,0.3,,,0.7,0.2,0.5333333333333332,0.3
"TKO",0,"Communication Services",-27,-21,47,10,"Included",10,17,4,648,4802,1431,419,706,19149,18677,19002,19362,"HoldTrim",-0.2763572554293167,0.5,1.0,0.4,-0.5489417989417988,0.3,-0.23311560686838728,0.1,0.005780718596957785,0.8,2.220446049250313E-16,0.3,,,0.7,0.2,0.4000488755571583,0.3
"XEL",0,"Utilities",-31,-25,45,18,"Included",6,17,4,405,1697,1432,202,992,7697,7847,7912,7850,"HoldTrim",-0.6758169934640523,0.5,1.0,0.4,0.34703115814226937,0.3,,,0.3399958687956941,0.8,-0.8,0.3,0.8,0.3,,,0.5172049817478925,0.3
"GLW",0,"Technology",-34,7,45,9,"Included",12,17,4,1148,3727,3509,1162,1681,16104,15843,16839,14435,"HoldTrim",-0.20357824283651366,0.5,0.004444444444444473,0.4,-1.0,0.3,-0.09616822076723981,0.1,0.2930227519380004,0.8,0.5999999999999999,0.3,,,0.7,0.2,0.5333333333333332,0.3
"LHX",0,"Industrials",-25,-24,41,16,"Included",7,17,4,746,2157,3314,282,,28950,28878,29556,30743,"HoldTrim",-0.18518518518518515,0.5,0.8977777777777778,0.4,-0.22784636488340207,0.3,0.016249351106703093,0.1,0.3898775117346146,0.8,-0.6000000000000001,0.3,,,,,0.5333333333333332,0.3
"EQR",0,"Real Estate",-22,-13,18,26,"Included",4,17,4,749,4260,1777,234,802,6559,6736,6712,6458,"HoldTrim",0.1558136755588097,0.5,0.891111111111111,0.4,-0.38941798941798944,0.3,0.44119765249903575,0.1,0.2865482063016271,0.8,0.0,0.3,0.8,0.3,,,0.2518466238214361,0.3
"J",0,"Industrials",-33,25,25,-10,"Included",16,17,4,667,1808,1903,536,800,14931,13840,13220,13321,"HoldTrim",0.01598942878477431,0.5,1.0,0.4,-0.48447971781305116,0.3,-0.7640254537373705,0.1,-0.9530599428711289,0.8,0.8,0.3,,,,,0.09788122153503187,0.3
"LULU",0,"Consumer Cyclical",26,-24,-23,31,"Included",2,17,4,863,1106,590,295,3203,12461,12132,12234,14800,"HoldTrim",0.5624238232240607,0.5,0.6377777777777778,0.4,0.7771604938271607,0.3,-0.20523534159362644,0.1,0.16309882651007424,0.8,2.220446049250313E-16,0.3,,,0.7,0.2,0.010254961808645935,0.3
"ITW",0,"Industrials",-6,40,-12,-4,"Included",15,17,4,1005,2389,1930,2930,10462,29611,28678,27651,26618,"HoldTrim",0.29123160940974174,0.5,0.3222222222222222,0.4,-0.658161865569273,0.3,-0.7594523212494637,0.1,-0.7281639369982184,0.8,1.0,0.3,,,,,0.5333333333333332,0.3
"FTNT",0,"Technology",-13,47,-10,-3,"Included",15,17,4,1058,4299,4506,7645,11744,16167,15913,14970,11393,"HoldTrim",0.19987588608862256,0.5,0.20444444444444443,0.4,-1.0,0.3,-0.6536574685327758,0.1,-0.624946178284359,0.8,1.0,0.3,,,0.7,0.2,0.5333333333333332,0.3
"ABNB",0,"Consumer Cyclical",-6,48,-3,-12,"Included",19,17,4,1137,2960,3597,1374,3454,18158,15680,14830,13609,"HoldTrim",0.2645684445815762,0.5,0.028888888888888964,0.4,-0.8518518518518519,0.3,-0.9565487274984482,0.1,-1.0,0.8,1.0,0.3,,,0.7,0.2,0.56,0.3
"NRG",1,"Utilities",-4,-63,72,20,"Included",7,16,4,1203,1097,1505,608,2377,12157,12820,13377,14618,"HoldTrim",0.19828297118764993,0.5,-0.11777777777777776,0.4,-0.07883597883597887,0.3,0.5330925283635106,0.1,0.7181441981202339,0.8,-1.0,0.3,0.8,0.3,,,0.25531546727319476,0.3
"Q",1,"Technology",-47,17,29,3,"Included",10,16,4,,2620,2095,409,672,14023,13705,14083,12592,"HoldTrim",-0.1900007957613682,0.5,,,-0.5900548696844993,0.3,-0.20442654076324313,0.1,-0.04379731680519651,0.8,0.5999999999999999,0.3,,,0.7,0.2,0.31301625438517533,0.3
"MSCI",0,"Financial Services",-2,-28,52,5,"Included",12,16,4,1222,2503,2402,,,56318,57605,58322,57514,"HoldTrim",0.2859755657888123,0.5,-0.15999999999999992,0.4,-0.5897119341563786,0.3,0.24768283328099594,0.1,0.4114970354672705,0.8,-0.8,0.3,,,,,0.45055594153661116,0.3
"CMI",0,"Industrials",-16,15,29,-1,"Included",14,16,4,1246,1873,1849,693,2111,64630,64868,65555,59231,"HoldTrim",0.15699683127026445,0.5,-0.21333333333333337,0.4,-0.4737409367038997,0.3,-0.2613159796028929,0.1,-0.016779752426059582,0.8,0.0,0.3,,,,,0.5333333333333332,0.3
"KKR",0,"Financial Services",4,14,39,-10,"Included",19,16,4,1786,1468,,345,728,10839,10204,9936,10672,"HoldTrim",-0.11690821256038633,0.5,-1.0,0.4,0.26676954732510266,0.3,-0.20127554306230075,0.1,-0.3928448750529523,0.8,0.8,0.3,,,,,0.5333333333333332,0.3
"MCD",0,"Consumer Cyclical",-8,-36,19,28,"Included",2,16,4,419,1944,1658,,,27201,27138,27492,29241,"HoldTrim",0.2012336756001344,0.5,1.0,0.4,-0.08824221046443265,0.3,0.004855002641857009,0.1,0.4126751720264955,0.8,-0.6000000000000001,0.3,,,0.7,0.2,0.5333333333333332,0.3
"TXT",0,"Industrials",-3,-19,22,10,"Included",9,16,4,908,1228,1078,193,1213,8878,8938,9016,8902,"HoldTrim",-0.11946562254309936,0.5,0.5377777777777779,0.4,0.6796688222614148,0.3,0.0028863481810788016,0.1,0.2042193300484697,0.8,-0.8,0.3,,,,,0.0419822893379973,0.3
"JBHT",0,"Industrials",-1,11,21,-1,"Included",14,16,4,1297,2637,1577,685,1845,26670,27482,27341,23349,"HoldTrim",0.2159502497036779,0.5,-0.32666666666666666,0.4,-0.5394277875759357,0.3,0.08141249640792636,0.1,0.08820033457104952,0.8,0.0,0.3,,,,,0.24699551744773807,0.3
"PWR",0,"Industrials",-22,21,34,-4,"Included",16,16,4,1219,3476,3467,1055,1534,67661,65956,66461,58896,"HoldTrim",0.025698982542476934,0.5,-0.15333333333333332,0.4,-0.9934156378600824,0.3,-0.5753275491900343,0.1,-0.22911764632592344,0.8,1.0,0.3,,,,,0.5333333333333332,0.3
"HLT",0,"Consumer Cyclical",-11,-14,27,16,"Included",7,16,4,1063,2989,2689,,,31318,32128,32546,31029,"HoldTrim",0.14817490141302797,0.5,0.19333333333333336,0.4,-0.7897119341563786,0.3,0.33371829238298845,0.1,0.33026918117391074,0.8,0.0,0.3,,,0.7,0.2,0.5333333333333332,0.3
"LIN",0,"Basic Materials",-18,-24,29,17,"Included",6,16,4,726,2519,1821,592,1840,49368,50021,50635,48961,"HoldTrim",0.02443876208954094,0.5,0.9422222222222221,0.4,-0.6361552028218695,0.3,0.047962588416559315,0.1,0.17762158399834008,0.8,0.0,0.3,,,,,0.5333333333333332,0.3
"NOW",0,"Technology",-26,12,26,1,"Included",12,16,4,930,2543,4679,1051,1424,12732,11377,10849,12112,"HoldTrim",0.27453130217614996,0.5,0.48888888888888893,0.4,-0.7374485596707818,0.3,-0.5114621905422041,0.1,-0.7282366123052512,0.8,0.8,0.3,,,0.7,0.2,0.5333333333333332,0.3
"AOS",0,"Industrials",2,13,6,3,"Included",13,16,4,1157,1552,1146,469,2713,6357,6177,6110,6459,"HoldTrim",0.4558495356131715,0.5,-0.015555555555555545,0.4,0.043689986282578905,0.3,-0.3763951113320111,0.1,-0.07201571186701604,0.8,2.220446049250313E-16,0.3,,,,,-0.19380178918194524,0.3
"URI",0,"Industrials",-8,51,29,-25,"Included",24,16,4,1799,2037,1835,786,2890,116312,111511,107201,95559,"HoldTrim",0.06783418183693904,0.5,-1.0,0.4,-0.5113266705859298,0.3,-0.8340355861594413,0.1,-0.7887988141021531,0.8,1.0,0.3,,,,,0.5333333333333332,0.3
"HUBB",0,"Industrials",-30,23,17,1,"Included",12,16,4,899,2270,2102,701,2444,51910,49544,49350,48160,"HoldTrim",0.10472041311968278,0.5,0.5577777777777777,0.4,-0.6625514403292181,0.3,-0.7667908223769253,0.1,-0.4426445505554571,0.8,1.0,0.3,,,,,0.28457390876681155,0.3
"EXR",0,"Real Estate",-17,22,14,7,"Included",12,16,4,1185,3081,1974,234,695,14656,14814,14676,14242,"HoldTrim",0.004468561452732518,0.5,-0.07777777777777772,0.4,-0.37869880462473055,0.3,0.0010516642340316906,0.1,0.0470372091551209,0.8,0.0,0.3,0.8,0.3,,,0.3529372855093602,0.3
"SBUX",0,"Consumer Cyclical",-11,18,3,5,"Included",11,16,4,966,3412,2449,,,10614,10477,10354,9783,"HoldTrim",0.1723099597631825,0.5,0.40888888888888886,0.4,-0.9637860082304527,0.3,-0.7515748308526687,0.1,-0.42161639886401125,0.8,1.0,0.3,,,0.7,0.2,0.5333333333333332,0.3
"IVZ",0,"Financial Services",5,61,4,-21,"Included",23,16,4,1596,991,1262,141,-57,3184,3042,2909,2644,"HoldTrim",-0.0989564313534609,0.5,-0.991111111111111,0.4,0.7436311973349008,0.3,-0.3335550586781305,0.1,-0.8591367869716732,0.8,1.0,0.3,,,,,0.008060065623674117,0.3
"FTV",0,"Technology",-9,16,-3,8,"Included",9,16,4,976,1921,1772,312,732,6244,6117,6087,5739,"HoldTrim",0.0846781055841951,0.5,0.3866666666666667,0.4,-0.09802077209484635,0.3,-0.7287734197412783,0.1,-0.4118532064239497,0.8,1.0,0.3,,,0.7,0.2,0.12939573284662687,0.3
"ON",1,"Technology",6,-10,38,8,"Included",11,15,4,2016,1817,1528,443,831,8209,8502,9214,8063,"HoldTrim",0.17282356214590078,0.5,-1.0,0.4,-0.1829805996472664,0.3,0.19120618144568025,0.1,0.46022635983269244,0.8,0.0,0.3,,,0.7,0.2,0.3479345424952667,0.3
"DECK",1,"Consumer Cyclical",19,-47,28,22,"Included",5,15,4,1167,1131,916,562,4256,9457,9996,10247,10345,"HoldTrim",0.5446458247146381,0.5,-0.03777777777777769,0.4,0.22347638643934925,0.3,0.5835036140527623,0.1,0.6187306908933462,0.8,-1.0,0.3,,,0.7,0.2,-0.02853853390462391,0.3
"HOOD",1,"Financial Services",9,-4,45,-8,"Included",17,15,4,2321,2952,,891,2362,9406,9566,9564,9690,"HoldTrim",0.49758454106280214,0.5,-1.0,0.4,-0.7744855967078189,0.3,0.12589351444619212,0.1,0.3330636719023244,0.8,-1.0,0.3,,,,,0.5333333333333332,0.3
"PLD",0,"Real Estate",-7,-6,32,9,"Included",10,15,4,1324,4076,2512,241,775,13883,14252,14275,13503,"HoldTrim",0.09546734708612473,0.5,-0.3866666666666667,0.4,-0.5203703703703704,0.3,0.21890847415472448,0.1,0.17916238580169058,0.8,0.0,0.3,0.8,0.3,,,0.5333333333333332,0.3
"KEYS",0,"Technology",-12,23,17,-4,"Included",14,15,4,1210,2892,4033,930,1817,34467,32864,32883,28514,"HoldTrim",0.16271448493652055,0.5,-0.1333333333333333,0.4,-0.8331961591220851,0.3,-0.8408425555636083,0.1,-0.5296549523775053,0.8,1.0,0.3,,,0.7,0.2,0.5333333333333332,0.3
"DDOG",0,"Technology",-37,55,35,-16,"Included",19,15,4,1509,8512,108486,2252,470,25242,25680,24261,18629,"HoldTrim",-0.2671106200128017,0.5,-0.7977777777777777,0.4,-1.0,0.3,-0.10218558714479982,0.1,-0.29157088607591747,0.8,0.5999999999999999,0.3,,,0.7,0.2,0.5333333333333332,0.3
"EVRG",0,"Utilities",-30,-13,22,21,"Included",3,15,4,515,1798,1248,185,925,8207,8402,8418,8085,"HoldTrim",-0.6977124183006536,0.5,1.0,0.4,0.44815794630609446,0.3,,,0.27788974032744657,0.8,0.0,0.3,0.8,0.3,,,0.13074674676591436,0.3
"GS",0,"Financial Services",2,16,4,5,"Included",11,15,4,1288,1397,,282,1690,103337,104456,103521,93802,"HoldTrim",0.05797101449275366,0.5,-0.30666666666666664,0.4,0.4709876543209876,0.3,-0.13790383158350883,0.1,-0.04861125896668255,0.8,0.0,0.3,,,,,0.5333333333333332,0.3
"APO",0,"Financial Services",-1,30,30,-22,"Included",21,15,4,1508,1291,,406,1141,13843,12678,12536,12731,"HoldTrim",-0.2956790123456791,0.5,-0.7955555555555556,0.4,0.17016460905349792,0.3,-0.31805391842614994,0.1,-0.7849627090758595,0.8,0.8,0.3,,,,,0.5333333333333332,0.3
"NVR",0,"Consumer Cyclical",4,-17,-1,19,"Included",4,15,4,913,1537,1091,500,3154,632617,635318,639284,681540,"HoldTrim",0.5137295433870915,0.5,0.5266666666666666,0.4,0.01949833431314903,0.3,0.12375120121814365,0.1,0.34138601662134754,0.8,-1.0,0.3,,,0.7,0.2,0.08506061667292297,0.3
"DXCM",0,"Healthcare",-6,31,26,-18,"Included",19,15,4,1410,2847,2318,1281,3849,8905,8030,7560,7108,"HoldTrim",0.23759906328475897,0.5,-0.5777777777777777,0.4,-0.8208504801097394,0.3,-0.9440024735126391,0.1,-1.0,0.8,1.0,0.3,0.8,0.3,,,0.36826442303026186,0.3
"ETN",0,"Industrials",-36,52,24,-21,"Included",19,15,4,1177,2889,2915,888,1968,46304,42469,41273,38737,"HoldTrim",0.1602051248053476,0.5,-0.06000000000000005,0.4,-0.8323731138545953,0.3,-0.9602247160649364,0.1,-1.0,0.8,1.0,0.3,,,,,0.5333333333333332,0.3
"CAG",0,"Consumer Defensive",12,-7,-28,21,"Included",2,15,4,-49,952,823,111,-2506,1478,1474,1445,1573,"HoldTrim",-0.20542295633018176,0.5,1.0,0.4,1.0,0.3,-0.006298741492010019,0.1,0.1267570814283778,0.8,2.220446049250313E-16,0.3,0.8,0.3,,,-0.8,0.3
"GRMN",0,"Technology",-13,44,-18,-7,"Included",13,15,4,874,2838,2507,666,2189,31176,28252,26205,24111,"HoldTrim",0.12755959211970505,0.5,0.6133333333333333,0.4,-0.8183813443072702,0.3,-0.8449036070047404,0.1,-1.0,0.8,1.0,0.3,,,0.7,0.2,0.5333333333333332,0.3
"FDS",0,"Financial Services",4,17,-36,13,"Included",5,15,4,687,1433,1219,497,2703,28239,26817,25434,25916,"HoldTrim",0.514796875468736,0.5,1.0,0.4,-0.01413874191651966,0.3,-0.46477518335951873,0.1,-0.5154005769638996,0.8,0.8,0.3,,,,,-0.13153408034814373,0.3
"LITE",1,"Technology",-42,22,62,-6,"Included",15,14,4,1513,4300,11492,1943,2283,80584,78917,80190,64965,"HoldTrim",-0.1160413549026952,0.5,-0.8066666666666666,0.4,-1.0,0.3,-0.16754730926144765,0.1,-0.12241098051089848,0.8,1.0,0.3,,,0.7,0.2,0.5333333333333332,0.3
"TRMB",1,"Technology",-1,-8,41,-4,"Included",14,14,4,1356,1436,1707,241,825,5857,5645,5573,6426,"HoldTrim",-0.10334272145902915,0.5,-0.45777777777777784,0.4,0.20091122868900652,0.3,-0.10862003231342628,0.1,-0.11407291338017989,0.8,2.220446049250313E-16,0.3,,,0.7,0.2,-0.00434454303864229,0.3
"SRE",0,"Utilities",-37,-41,49,25,"Included",0,14,4,576,1523,1743,171,668,8431,8819,9036,9050,"HoldTrim",-0.7816993464052286,0.5,1.0,0.4,0.2876249265138153,0.3,,,0.8079703109154854,0.8,-1.0,0.3,0.8,0.3,,,0.5333333333333332,0.3
"CDNS",0,"Technology",-10,-36,47,12,"Included",6,14,4,1142,3438,4292,1317,2323,32788,34221,35129,33961,"HoldTrim",0.2789592009075686,0.5,0.017777777777777892,0.4,-0.9829903978052126,0.3,0.39939031384149404,0.1,0.5372857637585787,0.8,-0.8,0.3,,,0.7,0.2,0.5333333333333332,0.3
"VRT",0,"Industrials",-6,6,42,-4,"Included",14,14,4,2077,3103,3890,2553,4394,28227,27799,29159,25788,"HoldTrim",0.29678868302953965,0.5,-1.0,0.4,-0.8910836762688614,0.3,-0.26761052360766435,0.1,0.11632068877401758,0.8,0.5999999999999999,0.3,,,,,0.5333333333333332,0.3
"TXN",0,"Technology",-17,18,23,0,"Included",11,14,4,1325,2744,2764,1448,3518,28548,28395,28591,24649,"HoldTrim",0.05140529264821336,0.5,-0.38888888888888884,0.4,-0.7925925925925926,0.3,-0.3731573292404611,0.1,-0.08872111256742057,0.8,0.5999999999999999,0.3,,,0.7,0.2,0.5333333333333332,0.3
"FE",0,"Utilities",-35,-14,25,20,"Included",2,14,4,450,1581,1060,209,949,4676,4805,4793,4724,"HoldTrim",-0.6898692810457516,0.5,1.0,0.4,0.562718009014305,0.3,,,0.44822663943017427,0.8,-0.8,0.3,0.8,0.3,,,0.2789713440577848,0.3
"AEE",0,"Utilities",-32,-24,33,19,"Included",2,14,4,476,1844,1318,217,1194,10718,10989,11054,10814,"HoldTrim",-0.6098039215686274,0.5,1.0,0.4,0.3392416225749559,0.3,,,0.39878538531829455,0.8,-0.8,0.3,0.8,0.3,,,0.3169526014275179,0.3
"AWK",0,"Utilities",-42,17,3,16,"Included",3,14,4,577,2035,1468,228,1010,13372,13401,13211,13271,"HoldTrim",-0.6699346405228759,0.5,1.0,0.4,0.18710562414266088,0.3,,,0.042596377952823415,0.8,0.19999999999999996,0.3,0.8,0.3,,,0.27125979998894145,0.3
"DE",0,"Industrials",-52,45,5,2,"Included",8,14,4,901,2741,2370,611,1835,62041,60987,60024,56408,"HoldTrim",-0.1663769267100754,0.5,0.5533333333333332,0.4,-0.791769547325103,0.3,-0.24789437930599229,0.1,-0.3474498946332816,0.8,1.0,0.3,,,,,0.5333333333333332,0.3
"GPC",0,"Consumer Cyclical",-30,23,-1,2,"Included",7,14,4,646,1644,1201,416,71,13655,12830,12086,11927,"HoldTrim",-0.19056638799444955,0.5,1.0,0.4,0.08749755046051343,0.3,-0.30803014586133776,0.1,-0.9058197398021454,0.8,1.0,0.3,,,0.7,0.2,0.12871426639465677,0.3
"GIS",0,"Consumer Defensive",-1,-8,-16,19,"Included",2,14,4,-47,1158,662,359,-103,3718,3658,3617,3966,"HoldTrim",0.011082927438526013,0.5,1.0,0.4,0.6115716245345872,0.3,-0.16775669520953462,0.1,0.07164144088365816,0.8,2.220446049250313E-16,0.3,0.8,0.3,,,-0.8,0.3
"ADBE",0,"Technology",34,13,-22,5,"Included",11,14,4,1397,979,1130,932,6295,26916,24858,23918,26584,"HoldTrim",0.6904278605177953,0.5,-0.548888888888889,0.4,0.15194983343131482,0.3,-0.47093112335316556,0.1,-0.6127970779194111,0.8,0.8,0.3,,,0.7,0.2,0.5333333333333332,0.3
"PYPL",0,"Financial Services",28,11,-20,3,"Included",10,14,4,1298,1021,829,257,2450,5910,5624,5187,5238,"HoldTrim",0.5650206632484874,0.5,-0.3288888888888888,0.4,0.7496864589457181,0.3,-0.5045639884252475,0.1,-0.8061997987962997,0.8,0.8,0.3,,,,,0.5333333333333332,0.3
"NTAP",0,"Technology",1,53,-6,-19,"Included",18,14,4,1433,1990,2021,2868,10673,19746,17986,16546,13331,"HoldTrim",0.2755693709907853,0.5,-0.6288888888888888,0.4,-0.5857338820301784,0.3,-0.9198596382010578,0.1,-1.0,0.8,1.0,0.3,,,0.7,0.2,0.4282372680998061,0.3
"MCHP",1,"Technology",-24,9,54,-3,"Included",13,13,4,1742,1827,3275,698,719,8298,8058,8379,7837,"HoldTrim",0.060057542300554,0.5,-1.0,0.4,-0.5410150891632374,0.3,-0.41220641742735287,0.1,0.01975578350598781,0.8,0.5999999999999999,0.3,,,0.7,0.2,0.4901820999276367,0.3
"VICI",1,"Real Estate",-30,-53,43,31,"Included",-3,13,4,687,889,1283,99,985,2605,2654,2692,2843,"HoldTrim",-0.44243657697817906,0.5,1.0,0.4,0.8364295512443658,0.3,,,0.7225909753359059,0.8,-1.0,0.3,0.8,0.3,,,0.30314280581183284,0.3
"ETR",0,"Utilities",-56,-13,37,24,"Included",-1,13,4,486,2086,1452,272,1025,10632,10959,11103,10579,"HoldTrim",-0.6650326797385622,0.5,1.0,0.4,0.10009798157946312,0.3,,,0.3733449834661458,0.8,0.0,0.3,0.8,0.3,,,0.5300891297989507,0.3
"DOW",0,"Basic Materials",-37,1,12,17,"Included",2,13,4,423,1687,979,142,-554,3111,3012,3112,3067,"HoldTrim",-0.7733970586433162,0.5,1.0,0.4,0.7005682931608858,0.3,,,0.025057094351495685,0.8,0.5999999999999999,0.3,,,,,0.2021240042130541,0.3
"DUK",0,"Utilities",-32,-30,29,23,"Included",-1,13,4,371,1701,1138,177,986,12193,12514,12567,12530,"HoldTrim",-0.6777777777777779,0.5,1.0,0.4,0.5477856163041349,0.3,,,0.46236804966874184,0.8,-0.8,0.3,0.8,0.3,,,0.5333333333333332,0.3
"KIM",0,"Real Estate",-23,-13,14,23,"Included",1,13,4,968,2685,1838,157,581,2401,2510,2498,2337,"HoldTrim",-0.0035514426671424803,0.5,0.4044444444444446,0.4,-0.05550656476582396,0.3,0.24159078836764164,0.1,0.4452838699250072,0.8,0.0,0.3,0.8,0.3,,,0.06390681148618638,0.3
"IFF",0,"Basic Materials",-72,59,28,-16,"Included",13,13,4,943,2161,1437,156,-555,8555,8120,7868,7350,"HoldTrim",-1.0,0.5,0.45999999999999996,0.4,0.30227317264354286,0.3,,,-0.758437057159116,0.8,1.0,0.3,,,,,0.19001438026605688,0.3
"O",0,"Real Estate",-25,-15,15,18,"Included",2,13,4,720,3619,1712,148,323,6178,6340,6322,6179,"HoldTrim",-0.42135332249255386,0.5,0.9555555555555557,0.4,-0.19576719576719567,0.3,,,0.4001020639266178,0.8,-0.8,0.3,0.8,0.3,,,0.5333333333333332,0.3
"TT",0,"Industrials",-12,11,20,-5,"Included",11,13,4,1205,2799,2513,1259,3664,48908,47396,47158,45113,"HoldTrim",0.3247782067220195,0.5,-0.12222222222222223,0.4,-0.8076817558299039,0.3,-0.8103010379168023,0.1,-0.49453086773625277,0.8,1.0,0.3,,,,,0.5333333333333332,0.3
"IBM",0,"Technology",-2,-35,0,27,"Included",-2,13,4,705,1810,1699,652,3446,23844,23451,24437,25650,"HoldTrim",0.48745915374567206,0.5,0.9888888888888889,0.4,-0.37709190672153636,0.3,-0.2746014437926234,0.1,0.3361110497407623,0.8,-0.6000000000000001,0.3,,,0.7,0.2,0.5333333333333332,0.3
"WDAY",0,"Technology",13,7,-14,-1,"Included",9,13,4,1054,1434,2973,676,1086,18132,16065,14747,15917,"HoldTrim",0.3684175047183814,0.5,0.21333333333333337,0.4,-0.43319615912208503,0.3,-0.542149470071736,0.1,-0.8218331494098292,0.8,0.8,0.3,,,0.7,0.2,0.4876718931316564,0.3
"FAST",0,"Industrials",-16,35,-20,-9,"Included",10,13,4,712,3779,3074,1490,3433,5281,4891,4739,4589,"HoldTrim",0.16837879583509044,0.5,0.9733333333333334,0.4,-1.0,0.3,-0.9957428693060877,0.1,-1.0,0.8,1.0,0.3,,,,,0.5333333333333332,0.3
"AMD",1,"Technology",-25,15,51,-9,"Included",14,12,4,2489,3030,7924,1137,1020,46835,49340,48579,35731,"HoldTrim",-0.07819144552510944,0.5,-1.0,0.4,-0.8710562414266119,0.3,-7.932894160338933E-4,0.1,0.13257459750128375,0.8,0.0,0.3,,,0.7,0.2,0.5333333333333332,0.3
"META",0,"Communication Services",-33,-7,44,8,"Included",6,12,4,1243,1745,1402,594,2985,60873,59821,60374,63755,"HoldTrim",-0.052776138581188924,0.5,-0.20666666666666678,0.4,-0.2021164021164021,0.3,-0.0334426929454585,0.1,0.15258067805062608,0.8,2.220446049250313E-16,0.3,,,0.7,0.2,0.5333333333333332,0.3
"CSGP",0,"Real Estate",-11,-39,17,22,"Included",-1,12,4,731,1790,3213,158,89,3091,2982,3087,4616,"HoldTrim",-0.262868272031151,0.5,0.931111111111111,0.4,0.10246913580246911,0.3,-0.07561131402870709,0.1,0.33694985813250466,0.8,2.220446049250313E-16,0.3,0.8,0.3,,,-0.04035388516263072,0.3
"ALGN",0,"Healthcare",-10,8,31,3,"Included",10,12,4,1653,1407,1266,297,1016,17660,17425,17437,16702,"HoldTrim",0.1041212647535366,0.5,-1.0,0.4,0.33849696257103656,0.3,-0.46467848658976785,0.1,-0.15802239899314766,0.8,1.0,0.3,0.8,0.3,,,-0.03939243873083409,0.3
"PPL",0,"Utilities",-30,-33,42,9,"Included",3,12,4,589,1661,1234,176,863,3517,3549,3586,3640,"HoldTrim",-0.5473118279569893,0.5,1.0,0.4,0.5098177542621986,0.3,,,0.40833978965548423,0.8,-1.0,0.3,0.8,0.3,,,-0.8,0.3
"LRCX",0,"Technology",-17,16,35,-4,"Included",11,12,4,1865,2723,4420,3718,6507,31466,31118,31751,25733,"HoldTrim",0.06550591621264638,0.5,-1.0,0.4,-0.7868312757201646,0.3,-0.33105815613059686,0.1,0.013690980510836503,0.8,0.5999999999999999,0.3,,,0.7,0.2,0.5333333333333332,0.3
"DTE",0,"Utilities",-32,-44,40,25,"Included",-2,12,4,396,1633,1556,234,1103,13656,14293,14523,14328,"HoldTrim",-0.6395424836601308,0.5,1.0,0.4,0.23972173231432475,0.3,,,0.7222759926011959,0.8,-0.8,0.3,0.8,0.3,,,0.29927528834359585,0.3
"EFX",0,"Industrials",-13,-2,33,-4,"Included",10,12,4,1296,1792,1388,489,1427,18200,17640,17311,18912,"HoldTrim",0.14275367523553664,0.5,-0.32444444444444454,0.4,-0.18723300019596323,0.3,-0.25715154374260796,0.1,-0.04214328319120941,0.8,2.220446049250313E-16,0.3,,,,,0.18146645398445893,0.3
"CNP",0,"Utilities",-32,-35,29,24,"Included",-3,12,4,461,1916,1312,225,983,4002,4200,4262,4168,"HoldTrim",-0.6787581699346404,0.5,1.0,0.4,0.307848324514991,0.3,,,0.6865720884196636,0.8,-0.8,0.3,0.8,0.3,,,0.2681890079829645,0.3
"MSFT",0,"Technology",-23,16,27,-15,"Included",13,12,4,1099,2125,1961,840,3404,50054,45016,42307,43340,"HoldTrim",-0.14718075204558811,0.5,0.11333333333333329,0.4,-0.6021359984322948,0.3,-0.2732030465318598,0.1,-1.0,0.8,0.8,0.3,,,0.7,0.2,0.5333333333333332,0.3
"NSC",0,"Industrials",-35,40,10,0,"Included",9,12,4,1269,2344,1609,463,1699,33524,33511,32676,30764,"HoldTrim",-0.032686368023733876,0.5,-0.2644444444444445,0.4,-0.40745639819713897,0.3,-0.11762158004245085,0.1,-0.24947471877479574,0.8,1.0,0.3,,,,,0.5333333333333332,0.3
"CRL",0,"Healthcare",-37,61,20,-24,"Included",17,12,4,1376,2189,1898,467,-752,27775,24416,22257,19146,"HoldTrim",-0.28927825236418225,0.5,-0.5022222222222221,0.4,-0.5252498530276308,0.3,-0.3961443143698227,0.1,-1.0,0.8,1.0,0.3,0.8,0.3,,,-0.01279503028243334,0.3
"GWW",0,"Industrials",-9,9,-4,4,"Included",6,12,4,1047,2559,1981,1489,4609,130706,133421,132157,118310,"HoldTrim",0.16687114206766396,0.5,0.22888888888888892,0.4,-0.7317852243778169,0.3,0.023177389588735497,0.1,0.018171133354955633,0.8,0.0,0.3,,,,,0.5333333333333332,0.3
"APP",1,"Communication Services",4,-66,74,15,"Included",4,11,4,2529,1513,2104,3413,20369,32198,39862,44048,48587,"HoldTrim",0.2824986869114959,0.5,-1.0,0.4,-0.45486968449931414,0.3,1.0,0.1,0.9953808782514986,0.8,-1.0,0.3,,,0.7,0.2,0.5333333333333332,0.3
"FIX",1,"Industrials",-4,15,29,-12,"Included",13,11,4,1701,2857,3055,9347,5529,171466,172731,175696,148443,"HoldTrim",0.2984302771969099,0.5,-1.0,0.4,-0.8235939643347051,0.3,-0.26625978833306063,0.1,0.018336964657911976,0.8,0.0,0.3,,,,,0.5333333333333332,0.3
"NKE",0,"Consumer Cyclical",13,-44,7,25,"Included",-2,11,4,1118,1796,1308,412,2214,4126,4231,4325,5217,"HoldTrim",0.2731035357748157,0.5,0.07111111111111112,0.4,-0.0034097589653145663,0.3,0.6236424465102532,0.1,0.7473465640054782,0.8,-1.0,0.3,,,0.7,0.2,0.5333333333333332,0.3
"TER",0,"Technology",-23,28,35,-13,"Included",13,11,4,1793,3346,3778,1925,3646,38636,36984,37038,30579,"HoldTrim",0.01057240429315678,0.5,-1.0,0.4,-0.9577503429355282,0.3,-0.6076859447138286,0.1,-0.3308653086845523,0.8,1.0,0.3,,,0.7,0.2,0.5333333333333332,0.3
"KLAC",0,"Technology",-17,12,21,5,"Included",7,11,4,1458,3072,4180,4526,8750,20185,20160,20768,17284,"HoldTrim",0.1253770357112406,0.5,-0.6844444444444444,0.4,-0.8825788751714678,0.3,-0.13473385926879022,0.1,0.20098196493264422,0.8,0.5999999999999999,0.3,,,0.7,0.2,0.5333333333333332,0.3
"COST",0,"Consumer Defensive",-19,-26,24,8,"Included",2,11,4,860,4180,3052,2541,2915,94715,94751,95564,96642,"HoldTrim",0.09454087746283893,0.5,0.6444444444444444,0.4,-1.0,0.3,-0.08540805430682963,0.1,0.20512941771934287,0.8,-1.0,0.3,0.8,0.3,,,0.5333333333333332,0.3
"LUV",0,"Industrials",-25,22,6,-1,"Included",7,11,4,1143,927,1072,317,1110,4586,4682,4629,4205,"HoldTrim",-0.6372549019607843,0.5,0.015555555555555545,0.4,0.5357926709778562,0.3,,,0.06570390186925487,0.8,0.0,0.3,,,,,0.2013761035212558,0.3
"MAR",0,"Consumer Cyclical",-22,-8,17,16,"Included",2,11,4,1120,2653,2247,,,34873,36321,36777,34107,"HoldTrim",0.10630153382540622,0.5,0.06666666666666665,0.4,-0.651440329218107,0.3,0.3511694621346959,0.1,0.39617120108247905,0.8,0.0,0.3,,,0.7,0.2,0.5333333333333332,0.3
"PANW",0,"Technology",-49,54,-1,-14,"Included",10,11,4,893,9271,21087,1123,483,38208,34814,31752,24051,"HoldTrim",-0.26648812126586563,0.5,0.5711111111111111,0.4,-1.0,0.3,-0.378093953594663,0.1,-1.0,0.8,1.0,0.3,,,0.7,0.2,0.5333333333333332,0.3
"ERIE",0,"Financial Services",-6,3,,7,"Included",4,11,3,300,,1551,535,2481,25223,24145,23658,25947,"HoldTrim",0.3232769233254826,0.5,1.0,0.4,-0.6436507936507937,0.3,-0.32310106507715497,0.1,-0.14157753080855737,0.8,2.220446049250313E-16,0.3,,,,,-0.018683043596430915,0.3
"CEG",1,"Utilities",-54,3,45,3,"Included",4,10,4,1118,2096,1511,310,1506,27923,26574,26667,29322,"HoldTrim",-0.5078431372549019,0.5,0.07111111111111112,0.4,-0.004232804232804243,0.3,,,-0.09051078627850595,0.8,2.220446049250313E-16,0.3,0.8,0.3,,,0.5333333333333332,0.3
"AMAT",0,"Technology",-22,14,40,-7,"Included",11,10,4,1618,3092,4459,1771,3969,53329,53395,52893,41057,"HoldTrim",-0.0030228228731790344,0.5,-1.0,0.4,-0.8880658436213993,0.3,-0.10217893839629283,0.1,-0.051714188945213534,0.8,0.5999999999999999,0.3,,,0.7,0.2,0.5333333333333332,0.3
"WBD",0,"Communication Services",-8,17,11,3,"Included",7,10,4,1565,-115752,1248,208,-879,2700,2633,2650,2497,"HoldTrim",0.30718954248366015,0.5,-0.9222222222222223,0.4,0.4079365079365079,0.3,-0.763554402370879,0.1,-0.40670680296069694,0.8,1.0,0.3,,,0.7,0.2,0.5333333333333332,0.3
"ARE",0,"Real Estate",7,-24,-1,18,"Included",-1,10,4,1169,-5961,1389,53,-408,4828,5022,5017,5351,"HoldTrim",0.11164016712677527,0.5,-0.04222222222222216,0.4,0.5960317460317459,0.3,0.5091556893656757,0.1,0.594281999093256,0.8,-1.0,0.3,0.8,0.3,,,-0.2100355257398182,0.3
"MTD",0,"Healthcare",-22,37,2,-15,"Included",10,10,4,1224,2777,2406,224272,,143493,137757,131076,128975,"HoldTrim",-0.21765908058474373,0.5,-0.1644444444444444,0.4,-0.8016460905349794,0.3,-0.2839761528562715,0.1,-0.8465979011746723,0.8,1.0,0.3,0.8,0.3,,,0.30424189747149666,0.3
"APTV",1,"Consumer Cyclical",19,-93,56,24,"Included",-3,9,4,1360,766,472,119,516,5017,5400,5778,6582,"HoldTrim",0.3433805564674158,0.5,-0.46666666666666656,0.4,1.0,0.3,0.6823547880646395,0.1,0.8120102669985808,0.8,-1.0,0.3,,,0.7,0.2,-0.11674246551062162,0.3
"AEP",0,"Utilities",-54,-26,31,24,"Included",-6,9,4,507,1794,1340,209,1013,12305,12875,13055,12676,"HoldTrim",-0.668954248366013,0.5,1.0,0.4,0.3561336468743877,0.3,,,0.5948115093987042,0.8,-0.8,0.3,0.8,0.3,,,0.5333333333333332,0.3
"IDXX",0,"Healthcare",-13,22,20,-11,"Included",10,9,4,1542,3569,2950,3042,7421,59745,57316,56624,59803,"HoldTrim",0.19949793389052364,0.5,-0.8711111111111112,0.4,-1.0,0.3,-0.436044370005521,0.1,-0.19687119423837482,0.8,2.220446049250313E-16,0.3,0.8,0.3,,,0.508300024426628,0.3
"NEE",0,"Utilities",-40,-21,24,14,"Included",-2,9,4,653,1931,2022,312,1168,8532,8688,8779,8653,"HoldTrim",-0.6183006535947713,0.5,1.0,0.4,-0.2213991769547325,0.3,,,0.33001763706281656,0.8,-0.8,0.3,0.8,0.3,,,0.5333333333333332,0.3
"AES",0,"Utilities",-36,15,-11,16,"Included",-3,9,4,952,620,1216,213,957,1473,1474,1471,1441,"HoldTrim",-0.6872549019607843,0.5,0.43999999999999995,0.4,0.687037037037037,0.3,,,0.13697452382885444,0.8,0.5999999999999999,0.3,0.8,0.3,,,-0.11277032420176991,0.3
"TECH",0,"Healthcare",-27,53,-3,-22,"Included",12,9,4,1277,3530,3106,541,534,7213,7125,6676,5981,"HoldTrim",-0.0772845140734525,0.5,-0.28222222222222215,0.4,-1.0,0.3,-0.3192785561734938,0.1,-0.9593393575365666,0.8,1.0,0.3,0.8,0.3,,,-0.08496399739045146,0.3
"VST",1,"Utilities",-19,-57,75,9,"Included",2,8,4,1433,1414,1060,1582,,14602,14968,15320,16349,"HoldTrim",-0.18518518518518515,0.5,-0.6288888888888888,0.4,0.06964530668234363,0.3,0.1486597930665969,0.1,0.6273062173450776,0.8,-1.0,0.3,0.8,0.3,,,0.5250448228036859,0.3
"SBAC",0,"Real Estate",-21,-47,33,16,"Included",-4,8,4,979,2229,1864,,,18290,18206,18681,19556,"HoldTrim",0.28305972456330314,0.5,0.3799999999999999,0.4,-0.36901822457378003,0.3,-0.09020192366707303,0.1,0.3104844403207016,0.8,-0.6000000000000001,0.3,0.8,0.3,,,0.14124252270454785,0.3
"WEC",0,"Utilities",-32,-44,23,26,"Included",-8,8,4,462,1767,1463,,1199,10604,11041,11232,11246,"HoldTrim",-0.6081699346405228,0.5,1.0,0.4,0.13935920047031172,0.3,,,0.8554020664869721,0.8,-1.0,0.3,0.8,0.3,,,0.3802472598147908,0.3
"CVNA",0,"Consumer Cyclical",-24,28,22,-9,"Included",9,8,4,3488,3173,2274,1276,5877,7146,6759,6754,7033,"HoldTrim",-0.02450168156898037,0.5,-1.0,0.4,-0.9102880658436214,0.3,-0.16780753787210145,0.1,-0.1741189577116986,0.8,0.8,0.3,,,0.7,0.2,0.5333333333333332,0.3
"APD",0,"Basic Materials",-80,33,34,-15,"Included",6,8,4,750,2150,8612,498,2,31037,29860,29476,28534,"HoldTrim",-0.9993464052287582,0.5,0.8888888888888888,0.4,-0.6259259259259259,0.3,,,-0.7197947168637203,0.8,1.0,0.3,,,,,0.5333333333333332,0.3
"EBAY",0,"Consumer Cyclical",5,-15,0,11,"Included",0,8,4,1355,1579,1672,1031,4661,10600,11095,11038,10171,"HoldTrim",0.22989839507154916,0.5,-0.4555555555555555,0.4,-0.2994317068391143,0.3,0.32936274754852346,0.1,0.25176419803287464,0.8,0.0,0.3,,,0.7,0.2,0.5091986412961789,0.3
"POOL",0,"Industrials",-11,-16,7,7,"Included",0,8,4,1054,1718,1389,586,3125,20307,19911,19952,22395,"HoldTrim",0.22595379988691333,0.5,0.21333333333333337,0.4,-0.1878306878306879,0.3,-0.13940673613634702,0.1,0.21193603942484668,0.8,2.220446049250313E-16,0.3,,,,,-0.2592052509462083,0.3
"ARES",0,"Financial Services",-4,15,14,-13,"Included",9,8,4,1507,1980,3527,1251,1494,14232,13160,12681,13490,"HoldTrim",0.5732975886283408,0.5,-0.7933333333333332,0.4,-0.5829903978052128,0.3,-0.5422316021277589,0.1,-0.6481608478380881,0.8,0.8,0.3,,,,,0.5071344601515344,0.3
"NFLX",0,"Communication Services",24,-61,36,8,"Included",1,7,4,1514,1992,2208,1050,4954,7604,7357,7623,8964,"HoldTrim",0.9607843137254901,0.5,-0.808888888888889,0.4,-0.5862825788751714,0.3,-0.3009722171661311,0.1,0.22768738772560765,0.8,-0.6000000000000001,0.3,,,0.7,0.2,0.5333333333333332,0.3
"ISRG",0,"Healthcare",16,-49,31,8,"Included",1,7,4,1460,3300,3202,776,1742,39828,37569,39197,44669,"HoldTrim",0.7739538360869563,0.5,-0.6888888888888889,0.4,-0.9451303155006858,0.3,-0.38771769073908324,0.1,0.08208560567420475,0.8,2.220446049250313E-16,0.3,0.8,0.3,,,0.5333333333333332,0.3
"PODD",0,"Healthcare",-2,-54,24,18,"Included",-4,7,4,1095,1861,1678,701,2602,14388,15449,15932,21010,"HoldTrim",0.14141217183069252,0.5,0.12222222222222223,0.4,-0.37997256515775035,0.3,0.6626311858633955,0.1,0.7781897656041875,0.8,-1.0,0.3,0.8,0.3,,,-0.13423171199052997,0.3
"DASH",0,"Consumer Cyclical",-28,17,35,-14,"Included",8,7,4,1770,2670,6191,925,889,21193,19807,18671,19269,"HoldTrim",0.4391847002125943,0.5,-1.0,0.4,-0.7722908093278463,0.3,-0.49758812811575936,0.1,-0.6781379021350733,0.8,0.8,0.3,,,0.7,0.2,0.5333333333333332,0.3
"VMC",0,"Basic Materials",-32,-14,29,1,"Included",1,7,4,1057,2667,1784,441,1323,28789,28450,28619,28836,"HoldTrim",-0.08541304655880408,0.5,0.20666666666666655,0.4,-0.5479227905153832,0.3,-0.12640963135217628,0.1,0.06563925367347734,0.8,2.220446049250313E-16,0.3,,,,,0.41200991045808344,0.3
"ATO",0,"Utilities",-32,-36,13,22,"Included",-8,7,4,602,1866,1455,188,979,16837,17337,17482,17518,"HoldTrim",-0.6800653594771242,0.5,1.0,0.4,0.31442288849696265,0.3,,,0.6691193935727154,0.8,-1.0,0.3,0.8,0.3,,,0.2995796811476905,0.3
"STLD",0,"Basic Materials",-13,34,10,-23,"Included",11,7,4,1532,1412,1580,409,1757,26845,25440,24616,20850,"HoldTrim",-0.19040350858142818,0.5,-0.8488888888888888,0.4,-0.03641975308641977,0.3,-0.32135810416005184,0.1,-0.8286919319725808,0.8,1.0,0.3,,,,,0.4250090943300937,0.3
"BX",0,"Financial Services",15,13,0,-18,"Included",10,7,4,1546,1949,,1295,3137,14588,13244,12702,13271,"HoldTrim",0.49758454106280214,0.5,-0.8799999999999999,0.4,-0.36172839506172844,0.3,-0.6293781332260282,0.1,-0.8376144781043238,0.8,0.8,0.3,,,,,0.5333333333333332,0.3
"PAYX",0,"Technology",-8,14,-32,-8,"Included",1,7,4,,1888,2897,1148,,12057,11602,10935,10743,"HoldTrim",-0.18518518518518515,0.5,,,-0.5577503429355282,0.3,-0.22727539273988448,0.1,-0.665771812622554,0.8,1.0,0.3,,,0.7,0.2,0.4697466151174017,0.3
"NI",0,"Utilities",-57,-50,47,25,"Included",-10,6,4,554,1843,1313,206,855,4151,4441,4564,4534,"HoldTrim",-0.7205882352941176,0.5,1.0,0.4,0.36253184401332555,0.3,,,0.7742963356346255,0.8,-0.8,0.3,0.8,0.3,,,0.15184415980658483,0.3
"LNT",0,"Utilities",-56,-36,32,23,"Included",-10,6,4,539,1844,1628,234,1114,6797,7159,7280,7088,"HoldTrim",-0.6359477124183005,0.5,1.0,0.4,0.14373897707231026,0.3,,,0.7603205265793803,0.8,-0.8,0.3,0.8,0.3,,,0.10138742179721805,0.3
"SO",0,"Utilities",-30,-34,7,21,"Included",-9,6,4,327,1859,1276,266,1148,9153,9397,9441,9374,"HoldTrim",-0.6248366013071895,0.5,1.0,0.4,0.26660787771898864,0.3,,,0.4569367197598359,0.8,-0.8,0.3,0.8,0.3,,,0.5333333333333332,0.3
"ROK",0,"Industrials",-6,5,13,-7,"Included",5,6,4,1535,3012,2460,1420,3063,44677,45688,45609,41816,"HoldTrim",0.28375779175190197,0.5,-0.8555555555555556,0.4,-0.8661179698216736,0.3,0.037924479109440856,0.1,0.09547126937291477,0.8,0.0,0.3,,,,,0.5309606538169491,0.3
"D",0,"Utilities",-58,3,0,19,"Included",-8,6,4,630,1773,1419,213,828,6772,6893,6842,6479,"HoldTrim",-0.7294117647058823,0.5,1.0,0.4,0.31268861454046626,0.3,,,0.10014267360147125,0.8,0.0,0.3,0.8,0.3,,,0.5333333333333332,0.3
"ZBRA",0,"Technology",-4,16,23,-26,"Included",12,6,4,1583,1726,1748,532,1529,38172,31775,28308,26188,"HoldTrim",0.09582355223087664,0.5,-0.9622222222222223,0.4,-0.37997256515775024,0.3,-0.9242101283708904,0.1,-1.0,0.8,1.0,0.3,,,0.7,0.2,0.11150687059123177,0.3
"GNRC",1,"Industrials",-19,-13,49,-15,"Included",6,5,4,1925,1832,2090,444,949,21656,21456,22892,21752,"HoldTrim",-0.18152172623141713,0.5,-1.0,0.4,-0.4386831275720165,0.3,-0.10200138473693464,0.1,0.3082289465704592,0.8,-0.19999999999999996,0.3,,,,,-0.031777176006771546,0.3
"IRM",0,"Real Estate",-52,14,31,-11,"Included",2,5,4,1217,4481,2208,,,12240,12356,12335,11216,"HoldTrim",-0.5842301930147779,0.5,-0.14888888888888885,0.4,-1.0,0.3,,,-0.06568987375357345,0.8,0.0,0.3,0.8,0.3,,,0.40227800410241654,0.3
"MOS",0,"Basic Materials",-46,-9,16,2,"Included",-3,5,4,821,1390,781,63,-507,2341,2271,2260,2509,"HoldTrim",-1.0,0.5,0.731111111111111,0.4,0.9645894571820497,0.3,,,0.05735622533044333,0.8,2.220446049250313E-16,0.3,,,,,-0.25571723737170415,0.3
"PEG",0,"Utilities",-41,-58,25,32,"Included",-15,5,4,527,1602,1381,215,1184,7490,7722,7861,8071,"HoldTrim",-0.45041854952389454,0.5,1.0,0.4,0.3760043111894964,0.3,,,0.9024388142387819,0.8,-1.0,0.3,0.8,0.3,,,0.41232551682542695,0.3
"PNR",0,"Industrials",5,-70,19,18,"Included",-8,5,4,1030,1300,1191,287,1713,6739,6775,7086,8510,"HoldTrim",0.35372096887862964,0.5,0.2666666666666666,0.4,0.42605330197922797,0.3,0.0400891609216798,0.1,0.5868309255716462,0.8,-1.0,0.3,,,,,-0.10341264931942684,0.3
"RCL",0,"Consumer Cyclical",-50,29,29,-6,"Included",3,5,4,1779,1516,1520,804,4467,30776,30987,30035,29301,"HoldTrim",-0.3361552774118633,0.5,-1.0,0.4,-0.20172447579854985,0.3,,,-0.06843792916200224,0.8,0.5999999999999999,0.3,,,0.7,0.2,0.5333333333333332,0.3
"DHI",0,"Consumer Cyclical",5,-24,0,10,"Included",-4,5,4,1375,1262,1132,175,1263,14852,14856,14958,15101,"HoldTrim",0.23698748559258415,0.5,-0.5,0.4,0.6751028806584362,0.3,-0.040900916754719185,0.1,0.26995607142688066,0.8,-1.0,0.3,,,0.7,0.2,0.4565626532838949,0.3
"ED",0,"Utilities",-26,-23,-10,19,"Included",-10,5,4,263,1645,1074,153,896,10674,10935,10957,10744,"HoldTrim",-0.7071895424836602,0.5,1.0,0.4,0.641456006270821,0.3,,,0.323816197982413,0.8,-0.8,0.3,0.8,0.3,,,0.43529888624323165,0.3
"CLX",0,"Consumer Defensive",-37,19,-30,7,"Included",-6,5,4,541,1693,1635,14476,16376,10789,10102,9857,10391,"HoldTrim",-0.08171252166902558,0.5,1.0,0.4,-0.3111307074270038,0.3,-0.2456355702666646,0.1,-0.5971107257247571,0.8,0.8,0.3,0.8,0.3,,,-0.02388336443688055,0.3
"TTD",0,"Communication Services",16,-58,-21,34,"Included",-14,4,4,1037,1360,751,260,1544,1356,1724,1871,2745,"HoldTrim",0.3930164352022557,0.5,0.25111111111111106,0.4,0.6923966294336663,0.3,1.0,0.1,0.986814631785046,0.8,-1.0,0.3,,,0.7,0.2,-0.2673177340870473,0.3
"TSCO",0,"Consumer Cyclical",-36,-11,1,3,"Included",-5,4,4,452,1730,1261,706,3951,3549,3240,3232,4131,"HoldTrim",-0.14425555282515273,0.5,1.0,0.4,-0.12339800117577897,0.3,-0.16488507041649242,0.1,-0.4221370588816182,0.8,2.220446049250313E-16,0.3,,,0.7,0.2,0.1213053525397435,0.3
"WSM",0,"Consumer Cyclical",-14,46,-19,-21,"Included",6,4,4,1470,2463,1841,1592,5401,25291,23807,22598,20654,"HoldTrim",0.26400135424978927,0.5,-0.711111111111111,0.4,-0.6313737017440721,0.3,-0.9125729192669629,0.1,-1.0,0.8,1.0,0.3,,,0.7,0.2,0.31861328969548053,0.3
"TPL",1,"Energy",-10,-28,,20,"Included",-14,4,3,633,,3228,1562,3657,35231,38429,39496,38547,"HoldTrim",0.12919210709988138,0.5,1.0,0.4,-1.0,0.3,0.674865991993594,0.1,0.6752473542740417,0.8,-0.8,0.3,,,,,0.23445992047394504,0.3
"SNPS",1,"Technology",-29,-61,54,12,"Included",-7,3,4,1213,2376,5140,258,382,41054,40418,42389,46184,"HoldTrim",0.10122021803282082,0.5,-0.1399999999999999,0.4,-0.2434842249657064,0.3,-0.10518843349268336,0.1,0.4617072671404489,0.8,-0.6000000000000001,0.3,,,0.7,0.2,0.5333333333333332,0.3
"XYZ",0,"Technology",-66,34,43,-16,"Included",4,3,4,2526,1534,3091,215,161,7912,8004,7728,7125,"HoldTrim",-0.8203936667434755,0.5,-1.0,0.4,0.06714677640603578,0.3,,,-0.23187369072684247,0.8,0.5999999999999999,0.3,,,0.7,0.2,0.5123907182736325,0.3
"CMS",0,"Utilities",-56,-48,26,28,"Included",-16,3,4,339,1665,1377,227,916,6918,7232,7351,7394,"HoldTrim",-0.7006535947712419,0.5,1.0,0.4,0.3386145404663923,0.3,,,0.9634324719648951,0.8,-1.0,0.3,0.8,0.3,,,0.1874481774239961,0.3
"CAT",0,"Industrials",-17,11,15,-13,"Included",3,3,4,1605,2687,2610,2038,5697,86047,86671,88488,76518,"HoldTrim",0.029916817956568233,0.5,-1.0,0.4,-0.776954732510288,0.3,-0.19946319403540247,0.1,0.1011387405808084,0.8,0.0,0.3,,,,,0.5333333333333332,0.3
"EXC",0,"Utilities",-43,-33,2,27,"Included",-15,3,4,396,1469,1159,155,971,4463,4591,4617,4606,"HoldTrim",-0.6826797385620916,0.5,1.0,0.4,0.6410640799529691,0.3,,,0.6004356810474668,0.8,-0.8,0.3,0.8,0.3,,,0.4985238481815262,0.3
"EL",0,"Consumer Defensive",-27,19,-2,-13,"Included",1,3,4,1246,2767,1605,797,-595,8796,8500,8410,8803,"HoldTrim",-0.01775237852226626,0.5,-0.21333333333333337,0.4,-0.5899078973153048,0.3,-0.1902801384893721,0.1,-0.1672562599922161,0.8,2.220446049250313E-16,0.3,0.8,0.3,,,-0.8,0.3
"PLTR",0,"Technology",-20,16,25,-29,"Included",7,3,4,1563,7610,15474,4324,3810,17610,14534,13803,14854,"HoldTrim",0.09433712925112883,0.5,-0.9177777777777778,0.4,-1.0,0.3,-0.7594987273262855,0.1,-1.0,0.8,0.8,0.3,,,0.7,0.2,0.5333333333333332,0.3
"CPT",0,"Real Estate",-59,-12,10,13,"Included",-10,3,4,789,9974,1800,293,789,10872,11187,11146,10787,"HoldTrim",-0.45253997528063206,0.5,0.8022222222222222,0.4,-0.5108465608465608,0.3,,,0.32757796201025874,0.8,0.0,0.3,0.8,0.3,,,-0.09647381617387807,0.3
"BEN",0,"Financial Services",-25,44,-5,-18,"Included",5,3,4,1574,1065,1145,145,789,3354,3363,3275,2894,"HoldTrim",-0.7421568627450981,0.5,-0.9422222222222223,0.4,0.7778267685675094,0.3,,,-0.2712915483638228,0.8,0.5999999999999999,0.3,,,,,0.08746059947947893,0.3
"ROL",0,"Consumer Cyclical",-10,-92,17,31,"Included",-18,2,4,744,2851,2187,,3701,3718,3950,4306,5137,"HoldTrim",0.30554814837523164,0.5,0.9022222222222223,0.4,-0.7329218106995885,0.3,0.8946751832567179,0.1,0.977887540828125,0.8,-1.0,0.3,,,0.7,0.2,0.10757900930105613,0.3
"CRWD",0,"Technology",-55,58,-7,-24,"Included",3,2,4,1234,14270,380285,4905,-25,22314,20121,18555,14558,"HoldTrim",-0.35248488983245,0.5,-0.18666666666666676,0.4,-1.0,0.3,,,-1.0,0.8,1.0,0.3,,,0.7,0.2,0.5333333333333332,0.3
"QCOM",0,"Technology",1,-23,-1,9,"Included",-8,1,4,1663,1595,1478,626,3375,16371,16649,17707,17092,"HoldTrim",0.5335279624631022,0.5,-1.0,0.4,-0.2011757789535567,0.3,0.14782341274840238,0.1,0.5182612989235593,0.8,-0.8,0.3,,,0.7,0.2,0.5333333333333332,0.3
"MRNA",0,"Healthcare",-42,23,-42,10,"Included",-12,1,4,899,-1236,-912,353,-3900,5979,5881,5861,4829,"HoldTrim",-0.7417239343537174,0.5,0.5577777777777777,0.4,-0.18333333333333324,0.3,,,-0.08362778227182331,0.8,1.0,0.3,0.8,0.3,,,0.2268539715988176,0.3
"CCI",1,"Real Estate",-32,-75,35,20,"Included",-16,0,4,970,2557,1995,,,7433,7641,7974,8663,"HoldTrim",0.09400548052138648,0.5,0.3999999999999999,0.4,-0.6079659024103469,0.3,0.5341340377301973,0.1,0.7026735642216977,0.8,-1.0,0.3,0.8,0.3,,,0.3546662124920976,0.3
"PNW",0,"Utilities",-54,-23,1,17,"Included",-15,0,4,444,1781,1329,171,937,9936,10274,10352,9939,"HoldTrim",-0.6937908496732026,0.5,1.0,0.4,0.4358906525573192,0.3,,,0.4853090129639556,0.8,-0.8,0.3,0.8,0.3,,,-0.056442262782704256,0.3
"SMCI",0,"Technology",-9,-3,1,-10,"Included",-4,-1,4,1967,964,1696,253,1788,3190,2958,3009,3309,"HoldTrim",-0.2904761904761904,0.5,-1.0,0.4,0.3140015677052714,0.3,-0.1448799175881484,0.1,-0.11184061146974295,0.8,2.220446049250313E-16,0.3,,,0.7,0.2,0.3402645988076092,0.3
"BLDR",0,"Industrials",-8,-32,12,-2,"Included",-7,-1,4,1418,1659,1263,199,251,7411,7337,7587,9186,"HoldTrim",-0.1810357937650474,0.5,-0.5955555555555556,0.4,0.452429943170684,0.3,0.020431609833442634,0.1,0.488746913027449,0.8,-0.6000000000000001,0.3,,,,,-0.22711438367824965,0.3
"LEN",0,"Consumer Cyclical",3,-26,-23,15,"Included",-13,-1,4,1398,1331,1101,96,737,8631,8566,8695,9864,"HoldTrim",0.24246166425499754,0.5,-0.5511111111111111,0.4,0.8114638447971781,0.3,-0.0024331062553187843,0.1,0.4173565424948919,0.8,-0.6000000000000001,0.3,,,0.7,0.2,0.16972034073763587,0.3
"CARR",0,"Industrials",-49,-30,37,0,"Included",-10,-2,4,1309,1931,2059,401,897,6387,6535,6640,6362,"HoldTrim",-0.3118008138913468,0.5,-0.3533333333333333,0.4,-0.3862139917695473,0.3,0.04845246294448966,0.1,0.3289334664323737,0.8,0.0,0.3,,,,,0.5333333333333332,0.3
"NCLH",0,"Consumer Cyclical",-11,-16,12,-9,"Included",-5,-2,4,1903,1097,936,335,3673,1876,1946,1940,2031,"HoldTrim",-0.3464052287581699,0.5,-1.0,0.4,0.5277777777777778,0.3,,,0.43194735099666115,0.8,-1.0,0.3,,,0.7,0.2,-0.19533730392680526,0.3
"COHR",0,"Technology",-73,27,36,-20,"Included",-3,-3,4,2107,3955,4944,606,472,33105,31254,32328,27276,"HoldTrim",-0.7349771296159645,0.5,-1.0,0.4,-1.0,0.3,,,-0.20987979142981833,0.8,1.0,0.3,,,0.7,0.2,0.5333333333333332,0.3
"SWKS",0,"Technology",-17,8,-18,-5,"Included",-8,-3,4,1510,1406,1163,183,509,6993,6515,6543,6575,"HoldTrim",-0.1510738305285797,0.5,-0.8,0.4,0.6043797766019987,0.3,-0.22113972896010659,0.1,-0.3245331848619463,0.8,0.8,0.3,,,0.7,0.2,-0.11229343661980207,0.3
"ORCL",1,"Technology",-30,-66,73,-8,"Included",-8,-4,4,1718,1342,1889,1121,5338,14618,13886,14924,17983,"HoldTrim",-0.3464052287581699,0.5,-1.0,0.4,-0.3492259455222419,0.3,,,0.38164967242769593,0.8,-0.6000000000000001,0.3,,,0.7,0.2,0.5333333333333332,0.3
"COIN",0,"Financial Services",-22,-39,31,-1,"Included",-10,-4,4,3361,4966,5304,304,-785,15060,15537,16239,20403,"HoldTrim",0.2228048376317393,0.5,-1.0,0.4,-0.6370370370370371,0.3,0.4783116986264735,0.1,0.7227880688973629,0.8,-1.0,0.3,,,,,0.4385627482574781,0.3
"MLM",0,"Basic Materials",-46,-44,30,0,"Included",-14,-4,4,1106,2583,1846,289,889,55511,55653,56921,59647,"HoldTrim",-0.292232943266792,0.5,0.09777777777777774,0.4,-0.27620027434842254,0.3,0.06173341833306872,0.1,0.47806855742294363,0.8,-1.0,0.3,,,,,0.36550218874256113,0.3
"LII",0,"Industrials",-21,-75,20,14,"Included",-20,-6,4,1199,1629,1418,1143,7176,42899,47337,50075,51620,"HoldTrim",0.04201260243018775,0.5,-0.10888888888888881,0.4,-0.1787575935724084,0.3,0.7941156825520241,0.1,0.8913123615917571,0.8,-1.0,0.3,,,,,0.029791727064678475,0.3
"AXON",0,"Industrials",-63,13,26,-28,"Included",-5,-6,4,1397,5875,30043,1372,622,62055,55628,52178,53604,"HoldTrim",-0.27302548234590895,0.5,-0.548888888888889,0.4,-1.0,0.3,-0.267475104456608,0.1,-0.7399192008278898,0.8,0.8,0.3,,,,,0.5333333333333332,0.3
"PSKY",0,"Communication Services",8,-57,-10,12,"Included",-18,-6,4,1471,1065,786,87,-90,915,881,929,1081,"HoldTrim",0.30718954248366015,0.5,-0.7133333333333334,0.4,1.0,0.3,-0.189252840806151,0.1,0.3778812195328671,0.8,-0.6000000000000001,0.3,,,0.7,0.2,-0.12205516945772799,0.3
"SATS",0,"Communication Services",-68,-2,11,-19,"Included",-12,-7,4,963,-91154,3573,534,-11228,9203,9203,9203,9203,"HoldTrim",-0.9619345029415372,0.5,0.4155555555555557,0.4,-1.0,0.3,,,-0.1393792546440521,0.8,-1.0,0.3,,,0.7,0.2,0.9900023065706918,0.3
"F",0,"Consumer Cyclical",-58,11,4,-10,"Included",-14,-9,4,1848,739,2578,157,-1825,1406,1424,1413,1333,"HoldTrim",-1.0,0.5,-1.0,0.4,0.37592592592592583,0.3,,,0.2009791155612179,0.8,0.0,0.3,,,0.7,0.2,0.5333333333333332,0.3
"INTC",0,"Technology",-68,15,5,-15,"Included",-16,-12,4,2241,4719,3137,560,-1071,9716,9915,10257,7671,"HoldTrim",-0.6624106243066464,0.5,-1.0,0.4,-1.0,0.3,,,0.24314893469566415,0.8,0.0,0.3,,,0.7,0.2,0.7066666666666666,0.3
"TSLA",0,"Consumer Cyclical",-75,-43,23,-15,"Included",-32,-23,4,1827,15077,11902,1521,467,33450,33868,36447,38902,"HoldTrim",-0.5799744881178481,0.5,-1.0,0.4,-1.0,0.3,,,0.6265006646897925,0.8,-1.0,0.3,,,0.7,0.2,0.5333333333333332,0.3
