symbol,qualified,sector,fundamentals,technical,forecast,market,regime_status,composite_base,composite_final,coverage,beta_millis,forward_pe_hundredths,ev_ebitda_hundredths,price_to_book_hundredths,return_on_equity_bps,close_cents,ema20_cents,ema50_cents,ema200_cents,stance,t_quality,w_quality,t_lowbeta,w_lowbeta,t_value,w_value,t_oversoldqual,w_oversoldqual,t_extension,w_extension,t_trend,w_trend,t_defensive,w_defensive,t_growth,w_growth,t_liquidity,w_liquidity,industry,fcf_yield_bps
"CAH",0,"Healthcare",31,50,39,30,"Included",47,47,4,521,1631,1383,,,22951,23284,22840,20929,"HoldTrim",0.8959967814331811,0.5,1.0,0.4,0.25881834215167543,0.3,-0.01966630778954903,0.1,-0.06699412953236752,0.8,0.5999999999999999,0.3,0.8,0.3,,,0.8266666666666667,0.3,"Medical Distribution",890
"HAS",0,"Consumer Cyclical",35,50,31,24,"Included",43,45,4,468,1433,1209,1874,15956,9354,9274,9000,8804,"HoldTrim",0.35798731022083025,0.5,1.0,0.4,-0.014403292181070072,0.3,-0.32276293456618244,0.1,-0.2724596876273623,0.8,1.0,0.3,,,0.7,0.2,0.9147911950289824,0.3,"Leisure",522
"MCK",0,"Healthcare",27,50,29,35,"Included",37,44,4,307,1699,1552,,,85890,85562,83482,81618,"HoldTrim",0.8268696506213331,0.5,1.0,0.4,0.09670781893004113,0.3,-0.1888270224343691,0.1,-0.11962059154811608,0.8,1.0,0.3,0.8,0.3,,,1.0,0.3,"Medical Distribution",679
"LMT",0,"Industrials",35,49,-19,36,"Included",39,44,4,110,1723,1517,1478,8917,56357,58010,56213,54397,"HoldTrim",0.29685270074416387,0.5,1.0,0.4,-0.2569272976680385,0.3,0.3125252720164229,0.1,0.14426287802436427,0.8,0.5999999999999999,0.3,,,,,1.0,0.3,"Aerospace & Defense",428
"PCG",1,"Utilities",-7,39,26,36,"Included",32,41,4,278,976,998,120,932,1760,1753,1733,1680,"HoldTrim",-0.6954248366013072,0.5,1.0,0.4,0.926317852243778,0.3,,,-0.14404622488856803,0.8,1.0,0.3,0.8,0.3,,,1.0,0.3,"Utilities - Regulated Electric",-1587
"GL",0,"Financial Services",30,35,9,26,"Included",38,40,4,472,1036,959,214,2094,17108,17799,17507,15794,"HoldTrim",0.6715048359427727,0.5,1.0,0.4,0.7564177934548304,0.3,0.42612235240738605,0.1,0.25413109838431813,0.8,0.0,0.3,,,,,0.6733477195558195,0.3,"Insurance - Life",
"COR",0,"Healthcare",18,36,25,26,"Included",33,39,4,573,1607,1308,1989,9687,31804,31421,30650,31026,"HoldTrim",0.18904399798899363,0.5,1.0,0.4,-0.11452087007642565,0.3,-0.34919948486734875,0.1,-0.18362835053268312,0.8,0.8,0.3,0.8,0.3,,,0.7866666666666666,0.3,"Medical Distribution",337
"ALL",0,"Financial Services",65,42,-34,24,"Included",43,37,4,156,922,397,203,4611,25383,25912,25014,22568,"HoldTrim",0.8369084758203708,0.5,1.0,0.4,0.9980109739368996,0.3,0.07845784473591677,0.1,-0.101255785322459,0.8,0.5999999999999999,0.3,,,,,1.0,0.3,"Insurance - Property & Casualty",
"EME",1,"Industrials",33,4,29,28,"Included",32,36,4,1147,2113,1702,842,4035,77662,80381,80233,76436,"HoldTrim",0.30144942293653854,0.5,0.006666666666666821,0.4,-0.46180678032529876,0.3,0.06327572539642468,0.1,0.2658931701040607,0.8,0.0,0.3,,,,,0.8833644082008898,0.3,"Engineering & Construction",286
"ECL",0,"Basic Materials",-22,29,36,27,"Included",33,36,4,890,2990,2122,785,2196,28163,27949,27552,27299,"HoldTrim",0.1166381775145141,0.5,0.5777777777777777,0.4,-0.860082304526749,0.3,-0.3440822270028875,0.1,-0.1348999894558763,0.8,1.0,0.3,,,,,1.0,0.3,"Specialty Chemicals",187
"ACGL",0,"Financial Services",36,28,-3,23,"Included",35,36,4,288,1018,619,145,1994,9939,9925,9856,9595,"HoldTrim",0.6125343931246262,0.5,1.0,0.4,1.0,0.3,-0.2491002600738258,0.1,-0.10552517736964948,0.8,1.0,0.3,,,,,0.6925431805657363,0.3,"Insurance - Diversified",
"VST",1,"Utilities",66,-75,41,44,"Included",33,35,4,1433,1314,1027,1522,4296,13621,14561,15034,16115,"HoldTrim",-0.2072198205285553,0.5,-0.6288888888888888,0.4,0.11454046639231823,0.3,0.3365107040557111,0.1,0.8541493050495557,0.8,-1.0,0.3,0.8,0.3,,,1.0,0.3,"Utilities - Independent Power Producers",8
"WFC",0,"Financial Services",1,24,28,37,"Included",30,35,4,920,1061,,158,1258,8384,8660,8556,8380,"HoldTrim",1.0,0.5,0.5111111111111111,0.4,0.9537037037037036,0.3,0.523123566128044,0.1,0.37691744084857426,0.8,0.0,0.3,,,,,1.0,0.3,"Banks - Diversified",
"FITB",0,"Financial Services",-4,41,25,27,"Included",30,35,4,923,1110,,154,844,5482,5667,5581,5127,"HoldTrim",0.4688888888888889,0.5,0.5044444444444445,0.4,0.9446502057613166,0.3,0.3578643781051247,0.1,0.15461167886809563,0.8,0.0,0.3,,,,,1.0,0.3,"Banks - Regional",
"JKHY",0,"Technology",19,29,33,-2,"Included",38,35,4,553,2120,1395,554,2357,16620,15589,15080,15449,"HoldTrim",0.23456790123456792,0.5,1.0,0.4,-0.3012933568489124,0.3,-0.7216207223118074,0.1,-0.6773712679356039,0.8,0.8,0.3,,,0.7,0.2,0.6688631199140622,0.3,"Information Technology Services",
"ELV",0,"Healthcare",23,18,24,19,"Included",32,35,4,692,1353,968,194,1113,40054,39384,39071,36284,"HoldTrim",0.06986342909169367,0.5,1.0,0.4,0.7017244757985497,0.3,-0.6873257567756438,0.1,-0.31508276619502296,0.8,1.0,0.3,0.8,0.3,,,0.5333333333333332,0.3,"Healthcare Plans",
"SNA",0,"Industrials",28,27,-14,22,"Included",33,35,4,723,1844,1416,337,1793,39339,40328,40013,37768,"HoldTrim",0.48056915086178226,0.5,0.9488888888888889,0.4,0.0651675485008818,0.3,0.2840248146969957,0.1,0.1570295672707315,0.8,0.0,0.3,,,,,0.7342822194083856,0.3,"Tools & Accessories",545
"EXE",1,"Energy",24,24,16,17,"Included",33,34,4,319,1082,377,116,1489,9609,9416,9306,9752,"HoldTrim",0.16110254364811147,0.5,1.0,0.4,1.0,0.3,-0.24473674218641395,0.1,0.007811696688977903,0.8,2.220446049250313E-16,0.3,,,,,1.0,0.3,"Oil & Gas E&P",659
"GEV",1,"Industrials",22,3,33,29,"Included",26,34,4,1033,3806,6290,2131,8258,95685,101022,101705,90217,"HoldTrim",0.6720590716078761,0.5,0.26,0.4,-1.0,0.3,0.18045026744774817,0.1,0.3166986220846331,0.8,0.0,0.3,,,,,0.7333333333333332,0.3,"Specialty Industrial Machinery",617
"AMT",0,"Real Estate",36,-9,26,24,"Included",31,34,4,894,2508,1869,2202,3391,17580,17261,17318,18019,"HoldTrim",0.23761935352727329,0.5,0.568888888888889,0.4,-0.6585341955712326,0.3,-0.29369347149388614,0.1,0.10008839209989492,0.8,2.220446049250313E-16,0.3,0.8,0.3,,,0.6533333333333331,0.3,"REIT - Specialty",
"PNC",0,"Financial Services",-1,41,26,23,"Included",31,34,4,898,1138,,169,1262,24313,25038,24591,22645,"HoldTrim",0.7011111111111112,0.5,0.56,0.4,0.8914609053497942,0.3,0.2903712151112616,0.1,0.0705314909350278,0.8,0.0,0.3,,,,,1.0,0.3,"Banks - Regional",
"UAL",1,"Industrials",5,25,32,32,"Included",27,33,4,1292,733,758,220,2325,11317,12140,11987,11003,"HoldTrim",-0.009246972324316531,0.5,-0.3155555555555556,0.4,0.9164021164021163,0.3,0.1930510812921992,0.1,0.4581888174670065,0.8,0.0,0.3,,,,,0.5522590103139224,0.3,"Airlines",248
"SNDK",1,"Technology",41,27,15,16,"Included",35,33,4,,603,1816,1511,9164,159608,149735,151149,106756,"HoldTrim",0.565319584573374,0.5,,,-0.16190476190476186,0.3,-0.553909528480125,0.1,-0.3297337726137634,0.8,1.0,0.3,,,0.7,0.2,0.6400000000000001,0.3,"Computer Hardware",330
"CI",0,"Healthcare",38,-29,30,20,"Included",34,33,4,321,829,770,172,1676,27751,27981,28253,28378,"HoldTrim",0.5396528803519994,0.5,1.0,0.4,0.9909856946893985,0.3,0.015695840632965474,0.1,0.20624268845164845,0.8,-1.0,0.3,0.8,0.3,,,1.0,0.3,"Healthcare Plans",
"COF",0,"Financial Services",0,28,22,27,"Included",27,33,4,1016,907,,130,903,21791,21675,20932,20654,"HoldTrim",0.9461111111111111,0.5,0.2977777777777777,0.4,1.0,0.3,-0.24882669140745328,0.1,-0.14522833459111958,0.8,1.0,0.3,,,,,1.0,0.3,"Credit Services",
"AVY",0,"Consumer Cyclical",23,31,20,-5,"Included",32,33,4,812,1642,1158,600,3116,18371,17587,16982,17045,"HoldTrim",0.610749969257902,0.5,0.7511111111111111,0.4,-0.04475798549872629,0.3,-0.6470503984192708,0.1,-0.6382575960614327,0.8,0.8,0.3,,,0.7,0.2,0.32375798478168605,0.3,"Packaging & Containers",722
"EQT",1,"Energy",19,12,24,18,"Included",28,32,4,578,1361,611,133,1108,5372,5310,5308,5487,"HoldTrim",0.14314443628814522,0.5,1.0,0.4,1.0,0.3,-0.22147631143452462,0.1,0.13039704704666075,0.8,2.220446049250313E-16,0.3,,,,,0.7687143969311041,0.3,"Oil & Gas E&P",732
"TDY",0,"Technology",-6,29,18,30,"Included",23,32,4,920,2380,1958,270,915,63615,66076,65121,61871,"HoldTrim",-0.055163623727106675,0.5,0.5111111111111111,0.4,-0.2445816186556926,0.3,0.10211564947148251,0.1,0.1791927667604804,0.8,0.0,0.3,,,0.7,0.2,1.0,0.3,"Scientific & Technical Instruments",309
"DLR",0,"Real Estate",-64,31,30,30,"Included",29,32,4,1042,6593,2852,264,291,19062,19231,18923,18150,"HoldTrim",0.12225602678871295,0.5,0.24,0.4,-0.5629629629629629,0.3,-0.09392986263596226,0.1,-0.10161406572059957,0.8,0.5999999999999999,0.3,0.8,0.3,,,1.0,0.3,"REIT - Specialty",
"EW",0,"Healthcare",-24,34,22,25,"Included",26,32,4,846,2658,2420,488,918,8979,9000,8859,8503,"HoldTrim",-0.10148985450170943,0.5,0.6755555555555555,0.4,-0.7467764060356653,0.3,-0.1376212516799183,0.1,-0.1581451969432721,0.8,0.5999999999999999,0.3,0.8,0.3,,,0.7599999999999998,0.3,"Medical Devices",238
"HIG",0,"Financial Services",36,15,7,27,"Included",22,32,4,458,994,673,192,2206,13610,13903,13805,13579,"HoldTrim",0.7153157583033213,0.5,1.0,0.4,0.9600039192631786,0.3,0.26219918560297906,0.1,0.1812699323917445,0.8,0.0,0.3,,,,,1.0,0.3,"Insurance - Diversified",
"PSA",0,"Real Estate",24,28,-10,22,"Included",29,32,4,945,3169,2066,1170,2193,32249,32398,32033,30436,"HoldTrim",0.35830139095418506,0.5,0.4555555555555557,0.4,-0.9091906721536351,0.3,-0.1658289507999795,0.1,-0.1855622037032054,0.8,0.5999999999999999,0.3,0.8,0.3,,,0.6266666666666665,0.3,"REIT - Industrial",
"JBL",1,"Technology",20,6,35,34,"Included",21,31,4,1304,1870,1477,2482,6588,31321,33576,33627,29966,"HoldTrim",0.30989832040881643,0.5,-0.3422222222222222,0.4,-0.27609249461101326,0.3,0.2316338065310064,0.1,0.4157850329292618,0.8,0.0,0.3,,,0.7,0.2,0.5856228263701353,0.3,"Electronic Components",369
"LVS",1,"Consumer Cyclical",44,-30,24,23,"Included",27,31,4,835,1335,920,5243,12287,4703,4632,4731,5210,"HoldTrim",0.5174836034914884,0.5,0.7,0.4,0.16539290613364677,0.3,0.01610995766518175,0.1,0.36511294641164366,0.8,-0.6000000000000001,0.3,,,0.7,0.2,0.6080595425344257,0.3,"Resorts & Casinos",726
"VICI",0,"Real Estate",32,-45,19,36,"Included",22,31,4,687,887,1296,101,985,2651,2640,2674,2831,"HoldTrim",-0.4434923989024443,0.5,1.0,0.4,0.8282480893592005,0.3,,,0.43827412363619334,0.8,-0.6000000000000001,0.3,0.8,0.3,,,1.0,0.3,"REIT - Diversified",
"ULTA",0,"Consumer Cyclical",34,19,11,19,"Included",26,31,4,852,1639,1297,822,4745,52146,51646,50621,53128,"HoldTrim",0.34251972611230486,0.5,0.6622222222222223,0.4,-0.11747991377621009,0.3,-0.04211420923157139,0.1,0.08509632876451283,0.8,2.220446049250313E-16,0.3,,,0.7,0.2,0.5610458299700376,0.3,"Specialty Retail",434
"CFG",0,"Financial Services",-3,48,28,21,"Included",31,31,4,1006,1071,,123,827,6986,7214,7060,6395,"HoldTrim",0.45944444444444427,0.5,0.31999999999999984,0.4,1.0,0.3,0.23459610887628313,0.1,0.046325449540127246,0.8,0.0,0.3,,,,,0.9803654122368062,0.3,"Banks - Regional",
"CINF",0,"Financial Services",40,-16,10,38,"Included",15,31,4,554,1863,568,155,2148,16829,17375,17445,16771,"HoldTrim",0.6878155759592849,0.5,1.0,0.4,0.8287379972565156,0.3,0.5714719461043862,0.1,0.5328512235386487,0.8,0.0,0.3,,,,,0.6063922108212019,0.3,"Insurance - Property & Casualty",
"USB",0,"Financial Services",0,51,23,25,"Included",26,31,4,977,1072,,159,1262,6205,6356,6203,5675,"HoldTrim",0.7011111111111112,0.5,0.3844444444444446,0.4,0.9463991769547324,0.3,0.17690141423103523,0.1,-0.027266297097427387,0.8,0.5999999999999999,0.3,,,,,0.8266666666666667,0.3,"Banks - Regional",
"CVS",0,"Healthcare",13,1,29,44,"Included",21,30,4,596,1093,1088,149,621,9302,9765,9870,8862,"HoldTrim",0.015427256468592986,0.5,1.0,0.4,0.7928963354889278,0.3,0.4044641009436749,0.1,0.4815233289391175,0.8,0.0,0.3,0.8,0.3,,,0.9066666666666667,0.3,"Healthcare Plans",
"AON",0,"Financial Services",11,22,13,24,"Included",22,30,4,676,1664,1529,784,4470,35511,35467,34989,34293,"HoldTrim",0.45493327361233493,0.5,1.0,0.4,-0.24708994708994705,0.3,-0.19425022161315408,0.1,-0.10264353229857612,0.8,1.0,0.3,,,,,0.6799999999999997,0.3,"Insurance Brokers",
"CPAY",0,"Technology",23,49,22,-13,"Included",30,30,4,869,1335,1262,773,2922,41713,39958,37869,34223,"HoldTrim",0.7078005552541426,0.5,0.6244444444444444,0.4,-0.015559474818734135,0.3,-0.8415271373386214,0.1,-0.9196398254843,0.8,1.0,0.3,,,0.7,0.2,0.4440137853722925,0.3,"Software - Infrastructure",711
"TRV",0,"Financial Services",32,49,-50,19,"Included",33,30,4,457,1204,696,229,2651,36358,36848,35395,31629,"HoldTrim",0.8910788073317417,0.5,1.0,0.4,0.8217029198510677,0.3,-0.03968751126068126,0.1,-0.1934472189578319,0.8,0.5999999999999999,0.3,,,,,1.0,0.3,"Insurance - Property & Casualty",
"MU",1,"Technology",41,21,42,-4,"Included",39,29,4,2213,624,1572,1084,6664,96678,92832,90709,64017,"HoldTrim",0.28962290186221984,0.5,-1.0,0.4,-0.03280423280423291,0.3,-0.6323838114798617,0.1,-0.43897424474091173,0.8,1.0,0.3,,,0.7,0.2,-0.3600000000000001,0.3,"Semiconductors",
"APTV",1,"Consumer Cyclical",31,-100,45,43,"Included",24,29,4,1360,741,462,115,516,4828,5103,5528,6540,"HoldTrim",0.3433805564674158,0.5,-0.46666666666666656,0.4,1.0,0.3,0.6266324049565208,0.1,0.8351479961425888,0.8,-1.0,0.3,,,0.7,0.2,1.0,0.3,"Auto Parts",1612
"HWM",0,"Industrials",-19,24,33,25,"Included",24,29,4,1212,4240,4025,1896,3473,27168,28195,27660,24659,"HoldTrim",0.08952963118082025,0.5,-0.13777777777777778,0.4,-1.0,0.3,0.28755483433550566,0.1,0.12026209164709645,0.8,0.0,0.3,,,,,1.0,0.3,"Aerospace & Defense",110
"NUE",0,"Basic Materials",17,30,33,24,"Included",29,29,4,1892,1273,1071,250,1455,24363,25790,24931,21039,"HoldTrim",-0.2456766996774188,0.5,-1.0,0.4,0.5654712913972172,0.3,0.1027769829821942,0.1,0.13368300887764442,0.8,0.0,0.3,,,,,1.0,0.3,"Steel",124
"XYL",1,"Industrials",17,-22,47,32,"Included",18,28,4,1010,1817,1441,241,918,11342,11811,11801,12445,"HoldTrim",0.11933674329232584,0.5,0.3111111111111111,0.4,0.23712522045855375,0.3,0.7108724038753118,0.1,0.6751429306671789,0.8,-1.0,0.3,,,,,0.8300716631738196,0.3,"Specialty Industrial Machinery",447
"UNH",0,"Healthcare",10,9,24,35,"Included",19,28,4,632,1739,1497,359,1415,39011,40295,40377,36358,"HoldTrim",0.43765509228980926,0.5,1.0,0.4,0.010376249265138126,0.3,0.2957923933689337,0.1,0.2866979202431393,0.8,0.0,0.3,0.8,0.3,,,0.7733333333333334,0.3,"Healthcare Plans",
"CBRE",0,"Real Estate",10,24,28,18,"Included",28,28,4,1193,1676,2445,525,1580,15210,14824,14398,14643,"HoldTrim",0.4143658939965517,0.5,-0.09555555555555562,0.4,-0.49958847736625517,0.3,-0.5230063563823077,0.1,-0.31980134474761385,0.8,0.8,0.3,0.8,0.3,,,0.6674662438019978,0.3,"Real Estate Services",372
"VLTO",0,"Industrials",21,19,7,11,"Included",28,28,4,752,2066,1839,779,3431,9877,9675,9374,9422,"HoldTrim",0.3222407623063656,0.5,0.8844444444444446,0.4,-0.5213991769547326,0.3,-0.5291377777217003,0.1,-0.36866318488235517,0.8,0.8,0.3,,,,,1.0,0.3,"Pollution & Treatment Controls",335
"DUK",0,"Utilities",19,-42,24,38,"Included",23,28,4,371,1671,1132,174,986,11985,12400,12500,12506,"HoldTrim",-0.6777777777777779,0.5,1.0,0.4,0.5647462277091908,0.3,,,0.658197738409429,0.8,-1.0,0.3,0.8,0.3,,,1.0,0.3,"Utilities - Regulated Electric",-479
"CDW",0,"Technology",23,5,13,26,"Included",20,28,4,940,1150,1155,704,4401,13725,13791,13576,13590,"HoldTrim",0.3424739446739433,0.5,0.4666666666666668,0.4,0.091808739956888,0.3,-0.04046315529257016,0.1,0.02070287347808576,0.8,0.19999999999999996,0.3,,,0.7,0.2,1.0,0.3,"Information Technology Services",394
"APD",0,"Basic Materials",-66,30,31,17,"Included",32,28,4,750,2114,1890,489,2,30510,30137,29721,28796,"HoldTrim",-0.9993464052287582,0.5,0.8888888888888888,0.4,-0.5411816578483245,0.3,,,-0.414503312792373,0.8,1.0,0.3,,,,,1.0,0.3,"Specialty Chemicals",-220
"KDP",0,"Consumer Defensive",7,16,13,20,"Included",22,28,4,411,1264,1752,174,510,3204,3084,3066,2989,"HoldTrim",0.4738562091503267,0.5,1.0,0.4,0.3483637076229669,0.3,-0.692909791058712,0.1,-0.37433092194698725,0.8,1.0,0.3,0.8,0.3,,,0.7966071262648189,0.3,"Beverages - Non - Alcoholic",1057
"RTX",0,"Industrials",-14,57,17,24,"Included",21,28,4,294,2672,1983,426,1227,20991,21612,20657,19060,"HoldTrim",0.06299617815626059,0.5,1.0,0.4,-0.6268077601410935,0.3,0.15801383232281108,0.1,-0.1141694087494184,0.8,0.5999999999999999,0.3,,,,,1.0,0.3,"Aerospace & Defense",349
"PM",0,"Consumer Defensive",-21,33,11,28,"Included",16,28,4,400,2053,1879,,,18823,18862,18605,17639,"HoldTrim",0.28999928050276635,0.5,1.0,0.4,-0.3084950029394474,0.3,-0.21064714869871826,0.1,-0.1205639227779741,0.8,0.5999999999999999,0.3,0.8,0.3,,,0.9466666666666668,0.3,"Tobacco",331
"SYY",0,"Consumer Defensive",11,31,-5,25,"Included",18,28,4,636,1564,1192,1510,7769,8410,8329,8213,7995,"HoldTrim",0.41129454462699233,0.5,1.0,0.4,-0.0413482265334116,0.3,-0.4229560727050956,0.1,-0.22863724540607477,0.8,1.0,0.3,0.8,0.3,,,0.6701034583665384,0.3,"Food Distribution",476
"NRG",1,"Utilities",20,-66,40,46,"Included",16,27,4,1203,1010,1467,566,2377,11311,12281,12966,14353,"HoldTrim",0.21305789942416706,0.5,-0.11777777777777776,0.4,-0.034861845972957224,0.3,0.7685855329773419,0.1,0.8583842240849547,0.8,-1.0,0.3,0.8,0.3,,,1.0,0.3,"Utilities - Independent Power Producers",325
"UBER",1,"Technology",20,16,16,19,"Included",21,27,4,1154,1796,2293,588,3716,7880,7491,7362,7775,"HoldTrim",0.38134088431000795,0.5,-0.008888888888888946,0.4,-0.5325102880658436,0.3,-0.4232618790819852,0.1,-0.27576457412872674,0.8,0.8,0.3,,,0.7,0.2,0.8533333333333333,0.3,"Software - Application",450
"EQIX",0,"Real Estate",-43,18,27,28,"Included",20,27,4,972,5699,2809,731,1074,106539,106261,105371,97626,"HoldTrim",0.13384858848670356,0.5,0.39555555555555566,0.4,-1.0,0.3,-0.5039333747437174,0.1,-0.25753776951587243,0.8,1.0,0.3,0.8,0.3,,,1.0,0.3,"REIT - Specialty",
"AIZ",0,"Financial Services",10,46,17,15,"Included",24,27,4,543,1218,816,230,1834,28404,28179,27444,24823,"HoldTrim",0.7536275145055031,0.5,1.0,0.4,0.7525181265922009,0.3,-0.4877805111759095,0.1,-0.36410361929618984,0.8,1.0,0.3,,,,,1.0,0.3,"Insurance - Property & Casualty",
"CTVA",0,"Basic Materials",9,-9,23,23,"Included",16,27,4,569,1985,1341,217,426,8179,7964,8088,7790,"HoldTrim",0.21304802058287467,0.5,1.0,0.4,0.28838918283362736,0.3,-0.47512122495934517,0.1,-0.19027844641389488,0.8,1.0,0.3,,,,,1.0,0.3,"Agricultural Inputs",443
"BAC",0,"Financial Services",-6,46,28,19,"Included",29,27,4,1168,1165,,157,1120,6169,6272,6047,5527,"HoldTrim",1.0,0.5,-0.040000000000000036,0.4,0.9136831275720164,0.3,-0.04188135989562314,0.1,-0.18503037276880296,0.8,0.5999999999999999,0.3,,,,,1.0,0.3,"Banks - Diversified",
"GEHC",0,"Healthcare",18,30,12,8,"Included",26,27,4,817,1383,1183,308,1938,7482,7118,6838,7061,"HoldTrim",0.39454592787676046,0.5,0.74,0.4,0.3686262982559278,0.3,-0.479953507882805,0.1,-0.5584578151643202,0.8,0.8,0.3,0.8,0.3,,,0.5577465481010022,0.3,"Medical Devices",465
"VTR",0,"Real Estate",-51,42,15,30,"Included",17,27,4,731,10170,2563,326,201,9306,9214,9113,8451,"HoldTrim",-0.24036558990787826,0.5,0.931111111111111,0.4,-0.6777777777777777,0.3,-0.1732377104405457,0.1,-0.24912574317307226,0.8,1.0,0.3,0.8,0.3,,,1.0,0.3,"REIT - Healthcare Facilities",
"ALLE",0,"Industrials",24,24,-2,9,"Included",31,27,4,845,1661,1497,652,3373,16231,16035,15202,15169,"HoldTrim",0.28811150036727196,0.5,0.6777777777777778,0.4,-0.2293356848912404,0.3,-0.31862839272773524,0.1,-0.420580804473147,0.8,1.0,0.3,,,,,0.7334841144301814,0.3,"Security & Protection Services",351
"GE",0,"Industrials",-5,52,25,24,"Included",23,26,4,1366,3839,3239,2049,4823,34837,36108,35360,32354,"HoldTrim",0.19677142687644644,0.5,-0.48,0.4,-1.0,0.3,0.22953512682938504,0.1,0.12787593166688857,0.8,0.0,0.3,,,,,0.9333333333333333,0.3,"Aerospace & Defense",182
"SHW",0,"Basic Materials",-21,21,19,24,"Included",22,26,4,1093,2546,2089,2170,6512,34659,35030,34109,33755,"HoldTrim",0.2599336386770189,0.5,0.1266666666666667,0.4,-0.7382716049382715,0.3,-0.08202752966837146,0.1,-0.06777041062029981,0.8,0.5999999999999999,0.3,,,,,1.0,0.3,"Specialty Chemicals",298
"SYF",0,"Financial Services",25,39,9,19,"Included",26,26,4,1311,756,,170,2079,7947,7821,7631,7448,"HoldTrim",1.0,0.5,-0.35777777777777775,0.4,1.0,0.3,-0.4761733761808853,0.1,-0.28117884742455035,0.8,1.0,0.3,,,,,1.0,0.3,"Credit Services",
"STE",0,"Healthcare",6,26,16,14,"Included",23,26,4,914,1943,1510,322,1139,23793,23159,22476,22968,"HoldTrim",-0.001834336926474315,0.5,0.5244444444444445,0.4,0.0160493827160493,0.3,-0.20154995871897513,0.1,-0.39350168451677775,0.8,0.8,0.3,0.8,0.3,,,0.45523128870704044,0.3,"Medical Devices",344
"KHC",0,"Consumer Defensive",22,19,-66,27,"Included",21,26,4,83,1223,852,84,-876,2558,2541,2503,2458,"HoldTrim",-0.03990450331714598,0.5,1.0,0.4,0.9728395061728392,0.3,-0.1068795626599186,0.1,-0.1458730463333408,0.8,1.0,0.3,0.8,0.3,,,0.45964840155437914,0.3,"Packaged Foods",1072
"CHRW",1,"Industrials",10,-35,32,30,"Included",12,25,4,946,1889,1969,1019,3712,14163,15427,16736,16764,"HoldTrim",0.2796872848030041,0.5,0.45333333333333337,0.4,-0.5416225749559083,0.3,0.7502718505422041,0.1,0.8271372004720519,0.8,-1.0,0.3,,,,,0.30201054149972517,0.3,"Integrated Freight & Logistics",290
"ALGN",1,"Healthcare",33,-19,26,27,"Included",21,25,4,1653,1295,1161,274,1016,16255,17064,17275,16831,"HoldTrim",0.13043525290206248,0.5,-1.0,0.4,0.4673721340388006,0.3,0.3748408903188487,0.1,0.41072263509179063,0.8,-0.8,0.3,0.8,0.3,,,0.6196010981163842,0.3,"Medical Instruments & Supplies",506
"HII",0,"Industrials",-19,20,11,25,"Included",18,25,4,241,1431,1254,221,1297,29820,31117,30852,32645,"HoldTrim",-0.5761437908496733,0.5,1.0,0.4,0.4790025475210661,0.3,,,0.6002196905843352,0.8,-1.0,0.3,,,,,0.7468169645887897,0.3,"Aerospace & Defense",-256
"IP",0,"Consumer Cyclical",21,15,4,12,"Included",22,25,4,894,1388,792,152,-1648,4149,4069,3920,3934,"HoldTrim",-0.10846338885400751,0.5,0.568888888888889,0.4,0.8630217519106407,0.3,-0.12525106382507728,0.1,-0.30032004840467086,0.8,0.8,0.3,,,0.7,0.2,0.3527338124113233,0.3,"Packaging & Containers",749
"VTRS",0,"Healthcare",15,14,-13,18,"Included",20,25,4,893,612,719,130,-275,1632,1654,1650,1473,"HoldTrim",0.1541078311670754,0.5,0.5711111111111111,0.4,1.0,0.3,-0.07357124239815327,0.1,0.0038931838716013997,0.8,0.0,0.3,0.8,0.3,,,0.43360724974476095,0.3,"Drug Manufacturers - Specialty & Generic",1428
"HSY",0,"Consumer Defensive",10,18,-20,18,"Included",17,25,4,97,1889,1565,821,3281,18646,18259,18171,18810,"HoldTrim",0.3744910969983485,0.5,1.0,0.4,-0.3278659611992945,0.3,-0.3383571926843857,0.1,6.006528163238212E-4,0.8,2.220446049250313E-16,0.3,0.8,0.3,,,0.5071108471282542,0.3,"Confectioners",465
"HUM",0,"Healthcare",13,47,-25,22,"Included",17,25,4,740,2287,1013,237,689,37888,38081,36844,30403,"HoldTrim",-0.03216986802239585,0.5,0.911111111111111,0.4,0.34204389574759947,0.3,-0.15393596149296856,0.1,-0.2622101277126771,0.8,0.5999999999999999,0.3,0.8,0.3,,,0.8542314650096534,0.3,"Healthcare Plans",
"CB",0,"Financial Services",13,14,-14,19,"Included",21,25,4,389,1171,1035,174,1482,34099,34609,34369,32462,"HoldTrim",0.4333166725630603,0.5,1.0,0.4,0.753243190280227,0.3,0.04623090032143451,0.1,0.012601483260045546,0.8,0.0,0.3,,,,,1.0,0.3,"Insurance - Property & Casualty",
"ITW",0,"Industrials",15,33,-30,24,"Included",17,25,4,1005,2277,1857,2794,10462,28229,28629,27919,26873,"HoldTrim",0.300466233016634,0.5,0.3222222222222222,0.4,-0.5888105036253185,0.3,0.11470709834950243,0.1,-0.03785438638394324,0.8,0.5999999999999999,0.3,,,,,0.8533333333333333,0.3,"Specialty Industrial Machinery",303
"MMM",0,"Industrials",52,39,-27,10,"Included",39,25,4,1080,1830,1544,3126,8189,17896,17822,17079,16136,"HoldTrim",0.798806234820535,0.5,0.15555555555555545,0.4,-0.30056829316088574,0.3,-0.41770835442104226,0.1,-0.49328724695361476,0.8,1.0,0.3,,,,,1.0,0.3,"Conglomerates",688
"INCY",0,"Healthcare",50,56,-38,-1,"Included",52,25,4,769,1430,1102,405,3067,12781,12217,11653,10413,"HoldTrim",0.8802971394453495,0.5,0.8466666666666667,0.4,0.21895943562610226,0.3,-0.8368619521226388,0.1,-0.8643921266059574,0.8,1.0,0.3,0.8,0.3,,,0.700974239437373,0.3,"Biotechnology",456
"CF",0,"Basic Materials",66,54,-65,-5,"Included",54,25,4,398,1239,618,342,2987,12960,12062,11863,10908,"HoldTrim",0.396648042432558,0.5,1.0,0.4,0.6441113070742699,0.3,-0.8624052366162375,0.1,-0.7501221903707483,0.8,1.0,0.3,,,,,1.0,0.3,"Agricultural Inputs",651
"LITE",0,"Technology",-39,30,30,23,"Included",25,24,4,1513,2625,9576,1654,-24003,86671,84480,82705,66889,"HoldTrim",-0.7200890293203379,0.5,-0.8066666666666666,0.4,-0.7599451303155007,0.3,,,-0.3597185373676127,0.8,1.0,0.3,,,0.7,0.2,0.8799999999999999,0.3,"Communication Equipment",29
"DD",0,"Basic Materials",23,9,44,12,"Included",26,24,4,1090,1737,1278,136,179,13833,14091,14047,13320,"HoldTrim",0.365686274509804,0.5,0.1333333333333333,0.4,0.5397609249461102,0.3,0.054513308537208705,0.1,0.07111767162947998,0.8,0.0,0.3,,,,,0.4721793540220709,0.3,"Specialty Chemicals",982
"HBAN",0,"Financial Services",0,11,24,17,"Included",17,24,4,946,907,,116,900,1703,1750,1739,1704,"HoldTrim",0.5000000000000001,0.5,0.45333333333333337,0.4,1.0,0.3,0.3474045932131702,0.1,0.3464535857999603,0.8,-0.8,0.3,,,,,0.698520018731791,0.3,"Banks - Regional",
"NWSA",0,"Communication Services",12,28,17,-7,"Included",24,24,4,911,2010,1342,194,798,3038,2881,2784,2691,"HoldTrim",0.1777677194214364,0.5,0.5311111111111111,0.4,0.32359396433470483,0.3,-0.9031762899988193,0.1,-0.8327575243655405,0.8,1.0,0.3,,,0.7,0.2,0.6051032081595227,0.3,"Entertainment",637
"C",0,"Financial Services",-2,11,26,23,"Included",15,24,4,1102,1022,,115,853,13165,13483,13433,12315,"HoldTrim",0.5849999999999999,0.5,0.10666666666666669,0.4,1.0,0.3,0.04643729979191202,0.1,0.10874092591271725,0.8,0.0,0.3,,,,,1.0,0.3,"Banks - Diversified",
"VRSN",0,"Technology",-7,24,4,26,"Included",11,24,4,703,2567,2256,,,28180,28149,27852,26795,"HoldTrim",0.33437802031394237,0.5,0.9933333333333332,0.4,-0.6160493827160495,0.3,-0.21262765357650093,0.1,-0.13455027316795376,0.8,1.0,0.3,,,0.7,0.2,0.667340813258674,0.3,"Software - Infrastructure",327
"RSG",0,"Industrials",-12,23,11,14,"Included",18,24,4,396,2739,1555,567,1815,22067,21602,21467,21622,"HoldTrim",0.0981206496676432,0.5,1.0,0.4,-0.5557711150303744,0.3,-0.6165829214295768,0.1,-0.2646367588000849,0.8,0.8,0.3,,,,,0.9199999999999999,0.3,"Waste Management",287
"HST",0,"Real Estate",46,11,2,27,"Included",13,24,4,1122,2209,1170,249,1556,2321,2346,2353,2128,"HoldTrim",0.6212560848886394,0.5,0.06222222222222218,0.4,0.2581520674113266,0.3,-0.09607692066322093,0.1,0.02078770567474951,0.8,0.0,0.3,0.8,0.3,,,1.0,0.3,"REIT - Hotel & Motel",
"RMD",0,"Healthcare",27,14,-45,19,"Included",18,24,4,748,1752,1563,509,2427,23152,21986,21267,22823,"HoldTrim",0.19475927440516577,0.5,0.8933333333333333,0.4,-0.2892220262590633,0.3,-0.5006649730055422,0.1,-0.44065007262747524,0.8,0.8,0.3,0.8,0.3,,,1.0,0.3,"Medical Instruments & Supplies",281
"KEYS",1,"Technology",-12,10,42,32,"Included",10,23,4,1210,2316,3019,853,2090,31613,33282,33147,28975,"HoldTrim",0.5403052729333387,0.5,-0.1333333333333333,0.4,-0.6751714677640605,0.3,0.05558290098424412,0.1,0.2222630352066014,0.8,0.0,0.3,,,0.7,0.2,1.0,0.3,"Scientific & Technical Instruments",357
"ANET",1,"Technology",-16,69,36,22,"Included",29,23,4,1615,3656,4841,1608,3148,18865,18864,17898,15691,"HoldTrim",0.8655531529345067,0.5,-1.0,0.4,-1.0,0.3,-0.36510430911570035,0.1,-0.3439751705903655,0.8,1.0,0.3,,,0.7,0.2,1.0,0.3,"Computer Hardware",164
"CSCO",0,"Technology",-5,12,17,29,"Included",18,23,4,1002,2002,2427,872,2732,11104,11478,11413,9748,"HoldTrim",0.3126119595552067,0.5,0.3288888888888888,0.4,-0.589026063100137,0.3,0.10919014347704237,0.1,0.15708868786432442,0.8,0.0,0.3,,,0.7,0.2,1.0,0.3,"Communication Equipment",264
"IR",0,"Industrials",-6,17,15,23,"Included",18,23,4,1161,2055,1739,307,947,8051,8311,8189,8128,"HoldTrim",0.029552181650387296,0.5,-0.02444444444444449,0.4,-0.10806388398980996,0.3,0.41086842453809247,0.1,0.372714974311072,0.8,-0.8,0.3,,,,,1.0,0.3,"Specialty Industrial Machinery",355
"NOC",0,"Industrials",17,6,-1,20,"Included",14,23,4,-108,1810,1282,438,2696,55103,56278,55631,58762,"HoldTrim",0.20384111287901258,0.5,1.0,0.4,-0.041642171271800824,0.3,0.2709080232143739,0.1,0.3829860884415063,0.8,-1.0,0.3,,,,,1.0,0.3,"Aerospace & Defense",317
"AIG",0,"Financial Services",13,-7,10,21,"Included",18,23,4,517,867,472,98,722,7612,7724,7746,7786,"HoldTrim",0.5431372549019606,0.5,1.0,0.4,1.0,0.3,0.3909759841185001,0.1,0.433468505510652,0.8,-1.0,0.3,,,,,0.8921864718363508,0.3,"Insurance - Diversified",
"AME",0,"Industrials",-14,48,14,21,"Included",16,23,4,997,2662,2269,488,1456,23955,24673,24162,22509,"HoldTrim",0.11580457686282833,0.5,0.33999999999999986,0.4,-0.7478737997256515,0.3,0.11545915380401572,0.1,0.0629574044442058,0.8,0.0,0.3,,,,,1.0,0.3,"Specialty Industrial Machinery",272
"FRT",0,"Real Estate",7,-7,23,28,"Included",13,23,4,929,3776,1826,316,1255,11674,11949,12028,11280,"HoldTrim",0.14797835989523542,0.5,0.49111111111111105,0.4,-0.5671957671957673,0.3,0.297908083999344,0.1,0.2966053808420159,0.8,0.0,0.3,0.8,0.3,,,0.2484145088739802,0.3,"REIT - Retail",
"AXP",0,"Financial Services",8,25,-2,28,"Included",12,23,4,1055,1671,,662,3438,33600,33996,33821,33355,"HoldTrim",0.49758454106280214,0.5,0.21111111111111125,0.4,-0.2473251028806584,0.3,0.13298236287992804,0.1,0.20278288896801128,0.8,0.0,0.3,,,,,1.0,0.3,"Credit Services",
"FANG",0,"Energy",22,57,9,-5,"Included",28,23,4,419,1165,656,156,349,21072,20141,19641,18101,"HoldTrim",-0.01603451882481603,0.5,1.0,0.4,0.9887517146776404,0.3,-0.34109031881209806,0.1,-0.746694129080416,0.8,1.0,0.3,,,,,0.7999999999999998,0.3,"Oil & Gas E&P",853
"SPG",0,"Real Estate",31,13,-15,29,"Included",12,23,4,1326,3262,1961,1607,12051,21829,22257,22059,20418,"HoldTrim",0.2632865610236162,0.5,-0.3911111111111112,0.4,-0.9140701548108956,0.3,0.1465872504712924,0.1,0.10793519183848471,0.8,0.0,0.3,0.8,0.3,,,0.8399999999999999,0.3,"REIT - Retail",
"PGR",0,"Financial Services",34,12,-35,18,"Included",16,23,4,257,1347,868,371,3494,21928,21337,21236,21422,"HoldTrim",0.7102643140610249,0.5,1.0,0.4,0.4285028414658043,0.3,-0.48534682359247916,0.1,-0.1308025493282524,0.8,0.8,0.3,,,,,0.7333333333333332,0.3,"Insurance - Property & Casualty",
"NEM",0,"Basic Materials",66,62,-26,-17,"Included",64,23,4,500,1244,794,395,2591,13158,11306,10644,10228,"HoldTrim",0.5041009909545285,0.5,1.0,0.4,0.4514697236919459,0.3,-0.9163400071839574,0.1,-1.0,0.8,1.0,0.3,,,,,1.0,0.3,"Gold",636
"BMY",0,"Healthcare",45,58,-44,0,"Included",46,23,4,225,1022,903,613,4660,6701,6436,6186,5723,"HoldTrim",0.44837793096436723,0.5,1.0,0.4,0.2602586713697825,0.3,-0.9198597849503192,0.1,-0.7915949202038126,0.8,1.0,0.3,0.8,0.3,,,0.6400000000000001,0.3,"Drug Manufacturers - General",593
"NVDA",1,"Technology",-4,50,29,19,"Included",24,22,4,2215,1648,3115,2661,11429,21472,21545,21054,19848,"HoldTrim",0.0032320600047177875,0.5,-1.0,0.4,-0.4919067215363512,0.3,-0.333848447841812,0.1,-0.165372430355737,0.8,0.5999999999999999,0.3,,,0.7,0.2,0.6799999999999997,0.3,"Semiconductors",89
"Q",1,"Technology",-21,-2,40,35,"Included",3,22,4,,2405,2019,372,672,12888,13585,13938,12668,"HoldTrim",-0.1746287185274585,0.5,,,-0.46255144032921813,0.3,0.08140985203327739,0.1,0.36714929369290217,0.8,0.0,0.3,,,0.7,0.2,0.810856894133019,0.3,"Semiconductor Equipment & Materials",286
"CEG",1,"Utilities",8,2,23,32,"Included",12,22,4,1118,2053,1522,303,1506,27288,27079,26902,29017,"HoldTrim",-0.5078431372549019,0.5,0.07111111111111112,0.4,0.0147070350774054,0.3,,,0.18919174145196097,0.8,2.220446049250313E-16,0.3,0.8,0.3,,,0.8266666666666667,0.3,"Utilities - Independent Power Producers",-685
"DVA",1,"Healthcare",35,-15,0,32,"Included",5,22,4,870,1022,908,,8848,17382,19328,20257,17498,"HoldTrim",0.5143025535797252,0.5,0.6222222222222222,0.4,0.8864197530864197,0.3,0.6580740735086175,0.1,0.6054771602590566,0.8,-0.8,0.3,0.8,0.3,,,0.3628444070581702,0.3,"Medical Care Facilities",940
"OTIS",0,"Industrials",12,-23,14,28,"Included",18,22,4,879,1566,1346,,,7149,7229,7282,7879,"HoldTrim",0.5357669949606767,0.5,0.6022222222222222,0.4,0.31493239271017054,0.3,0.47183842430361644,0.1,0.5529431262217803,0.8,-1.0,0.3,,,,,1.0,0.3,"Specialty Industrial Machinery",528
"ADI",0,"Technology",-16,11,26,27,"Included",12,22,4,1212,2281,2710,540,1223,37309,37904,38348,35004,"HoldTrim",0.29756189656522986,0.5,-0.13777777777777778,0.4,-0.6655692729766804,0.3,-0.09316993817276975,0.1,0.1317862032602711,0.8,0.0,0.3,,,0.7,0.2,1.0,0.3,"Semiconductors",
"HON",0,"Industrials",28,-38,9,40,"Included",12,22,4,918,2160,1110,369,4658,21590,23166,23339,23026,"HoldTrim",0.255886683446892,0.5,0.5155555555555555,0.4,0.08111894963746831,0.3,0.7965929383922916,0.1,0.7070235377171604,0.8,-0.8,0.3,,,,,1.0,0.3,"Conglomerates",381
"CMG",0,"Consumer Cyclical",-16,15,17,10,"Included",20,22,4,937,2695,2261,2127,4956,3690,3415,3376,3514,"HoldTrim",0.14960020051058218,0.5,0.4733333333333334,0.4,-0.7791495198902607,0.3,-0.5727413209471797,0.1,-0.5306450015716949,0.8,0.8,0.3,,,0.7,0.2,1.0,0.3,"Restaurants",239
"BKR",0,"Energy",-2,28,6,21,"Included",11,22,4,959,1972,1267,311,1646,6234,6228,6104,5786,"HoldTrim",0.5685950055490323,0.5,0.4244444444444444,0.4,0.15703507740544778,0.3,-0.34885944719257855,0.1,-0.19799661824256026,0.8,1.0,0.3,,,,,0.8533333333333333,0.3,"Oil & Gas Equipment & Services",713
"SW",0,"Consumer Cyclical",1,38,19,8,"Included",24,22,4,930,1467,861,144,272,4939,4794,4616,4346,"HoldTrim",-0.3132824317475479,0.5,0.48888888888888893,0.4,0.81965510484029,0.3,-0.26197538897154776,0.1,-0.5651457382685646,0.8,1.0,0.3,,,0.7,0.2,0.6342977817709894,0.3,"Packaging & Containers",469
"BKNG",0,"Consumer Cyclical",22,21,6,6,"Included",26,22,4,1068,1694,1548,,,20962,20381,19214,18909,"HoldTrim",0.5100895226053916,0.5,0.18222222222222229,0.4,0.10194003527336853,0.3,-0.5310629546169039,0.1,-0.6261154954031719,0.8,1.0,0.3,,,0.7,0.2,0.7733333333333334,0.3,"Travel Services",491
"ROST",0,"Consumer Cyclical",-2,30,4,23,"Included",10,22,4,877,2677,1954,1217,4263,23904,24133,23641,21136,"HoldTrim",0.22477859590049898,0.5,0.6066666666666667,0.4,-0.7498726239466981,0.3,-0.165270566069169,0.1,-0.20409620252349392,0.8,0.5999999999999999,0.3,,,0.7,0.2,1.0,0.3,"Apparel Retail",281
"MET",0,"Financial Services",0,40,4,20,"Included",11,22,4,763,866,1382,219,1309,9434,9555,9235,8407,"HoldTrim",-0.5722222222222222,0.5,0.8599999999999999,0.4,0.5699882422104644,0.3,,,-0.19958186185182117,0.8,0.5999999999999999,0.3,,,,,1.0,0.3,"Insurance - Life",
"UHS",0,"Healthcare",30,23,-38,13,"Included",24,22,4,1063,738,582,139,2095,17726,16877,16366,17720,"HoldTrim",0.21668120391572965,0.5,0.19333333333333336,0.4,1.0,0.3,-0.5030956088038712,0.1,-0.38936575446502614,0.8,0.8,0.3,0.8,0.3,,,0.4581173195869128,0.3,"Medical Care Facilities",477
"PPL",0,"Utilities",2,-42,32,38,"Included",6,21,4,589,1624,1222,172,863,3438,3544,3575,3637,"HoldTrim",-0.7179738562091503,0.5,1.0,0.4,0.5337252596511853,0.3,,,0.7062612808822586,0.8,-1.0,0.3,0.8,0.3,,,0.8337586905505407,0.3,"Utilities - Regulated Electric",-749
"HRL",0,"Consumer Defensive",17,-4,4,25,"Included",12,21,4,331,1529,1024,165,583,2388,2459,2446,2416,"HoldTrim",-0.0658100084304299,0.5,1.0,0.4,0.6775132275132273,0.3,0.19533570118308374,0.1,0.41381181668083566,0.8,-0.8,0.3,0.8,0.3,,,0.5199999999999998,0.3,"Packaged Foods",
"REG",0,"Real Estate",13,-27,10,26,"Included",16,21,4,819,3017,1806,209,819,7606,7763,7856,7663,"HoldTrim",0.11814759799093744,0.5,0.7355555555555555,0.4,-0.2259553203997649,0.3,0.371912646374033,0.1,0.4135430113563443,0.8,-0.8,0.3,0.8,0.3,,,0.5591689427869884,0.3,"REIT - Retail",
"V",0,"Financial Services",-3,30,24,-1,"Included",31,21,4,759,2476,2227,1966,6119,37104,36321,35383,33834,"HoldTrim",0.370560531536943,0.5,0.8688888888888888,0.4,-0.7190672153635116,0.3,-0.9240016424064714,0.1,-0.6537098166626609,0.8,1.0,0.3,,,,,1.0,0.3,"Credit Services",295
"CMCSA",0,"Communication Services",20,15,-40,10,"Included",20,21,4,647,741,523,106,1149,2685,2541,2488,2671,"HoldTrim",0.1992339405222026,0.5,1.0,0.4,1.0,0.3,-0.5392531724744689,0.1,-0.46537720894735324,0.8,0.8,0.3,,,0.7,0.2,0.7866666666666666,0.3,"Telecom Services",1333
"FDX",0,"Industrials",21,22,-19,16,"Included",20,21,4,1360,1560,898,247,1485,32508,32311,31908,28769,"HoldTrim",0.37271912349927944,0.5,-0.46666666666666656,0.4,0.5838232412306488,0.3,-0.5981096730033557,0.1,-0.3434650569918581,0.8,1.0,0.3,,,,,1.0,0.3,"Integrated Freight & Logistics",735
"GD",0,"Industrials",11,44,1,10,"Included",17,21,4,328,2072,1643,387,1780,38429,38692,37593,35463,"HoldTrim",0.2382100884032882,0.5,1.0,0.4,-0.21008230452674884,0.3,-0.20432865865690542,0.1,-0.2646127364052538,0.8,0.5999999999999999,0.3,,,,,0.7333333333333332,0.3,"Aerospace & Defense",423
"CL",0,"Consumer Defensive",5,1,12,22,"Included",14,21,4,327,2217,1592,30770,26737,9108,9163,9126,8826,"HoldTrim",0.43380948448151435,0.5,1.0,0.4,-0.432137958063884,0.3,-0.06466103410914437,0.1,-0.0037860020555835483,0.8,0.0,0.3,0.8,0.3,,,0.7333333333333332,0.3,"Household & Personal Products",476
"KMB",0,"Consumer Defensive",17,10,-39,35,"Included",15,21,4,276,1458,1208,2077,10491,10931,10927,10775,10749,"HoldTrim",0.07654919227615457,0.5,1.0,0.4,-0.020732902214383668,0.3,-0.01945212154049769,0.1,0.09697594395715652,0.8,1.0,0.3,0.8,0.3,,,0.40131505789338506,0.3,"Household & Personal Products",259
"WELL",0,"Real Estate",-61,51,12,24,"Included",12,21,4,763,7546,5730,371,384,23922,23583,23133,21028,"HoldTrim",-0.2623799230566528,0.5,0.8599999999999999,0.4,-0.7611111111111112,0.3,-0.2504373846987169,0.1,-0.4061396600867051,0.8,1.0,0.3,0.8,0.3,,,1.0,0.3,"REIT - Healthcare Facilities",
"EXPE",0,"Consumer Cyclical",59,62,-29,-5,"Included",56,21,4,1246,1330,1330,3192,8949,32163,31046,28644,25454,"HoldTrim",0.5940874827913443,0.5,-0.21333333333333337,0.4,-0.0501665686850873,0.3,-0.68609899943015,0.1,-0.9171149252122063,0.8,1.0,0.3,,,0.7,0.2,0.8795068077531014,0.3,"Travel Services",890
"ERIE",0,"Financial Services",-9,14,,13,"Included",6,21,3,300,,1630,561,2481,26485,25156,24284,25988,"HoldTrim",0.311909356824147,0.5,1.0,0.4,-0.7063492063492064,0.3,-0.4248857736984243,0.1,-0.34439175900152613,0.8,0.8,0.3,,,,,1.0,0.3,"Insurance Brokers",
"CRH",1,"Basic Materials",14,-62,56,35,"Included",9,20,4,1204,1437,1055,263,1581,9507,9773,10132,10907,"HoldTrim",0.018390212928421665,0.5,-0.1200000000000001,0.4,0.504869684499314,0.3,0.5777241559080091,0.1,0.7631277629238717,0.8,-1.0,0.3,,,,,0.8133333333333332,0.3,"Building Materials",319
"ON",1,"Technology",22,-18,19,30,"Included",16,20,4,2016,1639,1424,400,831,7421,8151,8856,8090,"HoldTrim",0.20879975545151258,0.5,-1.0,0.4,5.095042132078712E-4,0.3,0.6965054996648536,0.1,0.6525138271198628,0.8,-0.8,0.3,,,0.7,0.2,0.3194655999011733,0.3,"Semiconductors",573
"AMZN",1,"Consumer Cyclical",-20,44,17,26,"Included",13,20,4,1454,2489,1728,506,3056,25863,26078,25483,24212,"HoldTrim",-0.19945366090671707,0.5,-0.6755555555555555,0.4,-0.5787184009406232,0.3,-0.0947960790501381,0.1,-0.11597120098897856,0.8,0.5999999999999999,0.3,,,0.7,0.2,0.9866666666666664,0.3,"Internet Retail",12
"WY",1,"Real Estate",-7,7,22,13,"Included",13,20,4,901,3591,3275,187,497,2443,2457,2441,2452,"HoldTrim",-0.6909517176054296,0.5,0.5533333333333332,0.4,-0.42037037037037045,0.3,,,0.10313844902263897,0.8,-0.6000000000000001,0.3,0.8,0.3,,,0.3276778789674748,0.3,"REIT - Specialty",
"GOOGL",0,"Communication Services",-13,11,27,21,"Included",12,20,4,1237,2328,2376,677,4868,34482,34766,35106,32702,"HoldTrim",-0.12737000877401827,0.5,-0.19333333333333336,0.4,-0.6784636488340192,0.3,-0.06217085868328942,0.1,0.050366309750472266,0.8,0.0,0.3,,,0.7,0.2,0.7866666666666666,0.3,"Internet Content & Information",54
"ADSK",0,"Technology",34,17,4,14,"Included",18,20,4,1298,1784,2495,1679,5040,25383,24255,23218,24603,"HoldTrim",0.6372127177475703,0.5,-0.3288888888888888,0.4,-0.5292181069958848,0.3,-0.44373445288590885,0.1,-0.4547657332682997,0.8,0.8,0.3,,,0.7,0.2,1.0,0.3,"Software - Application",571
"TXT",0,"Industrials",9,-40,21,40,"Included",12,20,4,908,1142,1014,177,1213,8295,8769,8918,8915,"HoldTrim",-0.1058446224470967,0.5,0.5377777777777779,0.4,0.7667548500881836,0.3,0.3265326860433073,0.1,0.7665781361828573,0.8,-0.8,0.3,,,,,1.0,0.3,"Aerospace & Defense",317
"HAL",0,"Energy",3,11,1,14,"Included",12,20,4,753,1215,861,268,1492,3534,3395,3461,3366,"HoldTrim",0.39904832930220424,0.5,0.8822222222222222,0.4,0.6591612776797965,0.3,-0.6470597579584128,0.1,-0.24423867745731045,0.8,1.0,0.3,,,,,0.6473053428465931,0.3,"Oil & Gas Equipment & Services",697
"ORLY",0,"Consumer Cyclical",-22,1,36,25,"Included",6,20,4,519,2440,1952,,,8911,9041,8986,9269,"HoldTrim",0.04950189344365246,0.5,1.0,0.4,-0.5256907701352146,0.3,0.3681056275898087,0.1,0.37715689055254537,0.8,-1.0,0.3,,,0.7,0.2,1.0,0.3,"Auto Parts",218
"IRM",0,"Real Estate",-6,12,33,19,"Included",13,20,4,1217,4467,2213,,,12202,12441,12390,11352,"HoldTrim",-0.5845903107943203,0.5,-0.14888888888888885,0.4,-1.0,0.3,,,-5.634890746292815E-4,0.8,0.0,0.3,0.8,0.3,,,0.4276566324081945,0.3,"REIT - Specialty",
"MA",0,"Financial Services",-3,24,27,-6,"Included",31,20,4,735,2522,2350,9078,24120,58063,56429,54521,53579,"HoldTrim",0.42610569546057897,0.5,0.9222222222222223,0.4,-0.7316872427983538,0.3,-0.8434269858216301,0.1,-0.6955570680684036,0.8,1.0,0.3,,,,,0.7999999999999998,0.3,"Credit Services",333
"BALL",0,"Consumer Cyclical",-21,43,18,11,"Included",21,20,4,956,1406,1153,293,1715,6359,6273,6186,5884,"HoldTrim",-0.0452455226644081,0.5,0.431111111111111,0.4,0.4059670781893005,0.3,-0.1978659650248662,0.1,-0.3592352132682819,0.8,1.0,0.3,,,0.7,0.2,0.24236335450165392,0.3,"Packaging & Containers",226
"AEE",0,"Utilities",5,-28,20,35,"Included",11,20,4,476,1827,1312,215,1194,10613,10927,11009,10825,"HoldTrim",-0.6098039215686274,0.5,1.0,0.4,0.35078385263570433,0.3,,,0.5004580161465394,0.8,-0.8,0.3,0.8,0.3,,,0.9531065213122716,0.3,"Utilities - Regulated Electric",-608
"INVH",0,"Real Estate",2,21,0,16,"Included",10,20,4,836,4407,1753,196,705,3011,3004,2974,2875,"HoldTrim",0.2126229273119341,0.5,0.6977777777777778,0.4,-0.3063492063492064,0.3,-0.44301711324408255,0.1,-0.2462751623069507,0.8,1.0,0.3,0.8,0.3,,,0.10752385398947495,0.3,"REIT - Residential",
"PPG",0,"Basic Materials",21,-18,11,15,"Included",14,20,4,1063,1310,1159,299,1930,11363,11485,11517,11244,"HoldTrim",0.26967740232671283,0.5,0.19333333333333336,0.4,0.4180188124632568,0.3,0.04590755685303449,0.1,0.1913689702938062,0.8,0.0,0.3,,,,,0.3305004508896796,0.3,"Specialty Chemicals",437
"EG",0,"Financial Services",4,31,-4,14,"Included",11,20,4,279,619,,93,1257,37006,36979,36526,34843,"HoldTrim",0.5141884583877996,0.5,1.0,0.4,1.0,0.3,-0.22935500989802116,0.1,-0.12170744399990761,0.8,1.0,0.3,,,,,0.19826585368216676,0.3,"Insurance - Reinsurance",
"PHM",0,"Consumer Cyclical",25,22,-9,9,"Included",24,20,4,1206,1147,920,186,1490,12900,12924,12779,12614,"HoldTrim",0.3527657766175825,0.5,-0.12444444444444436,0.4,0.7984518910444838,0.3,-0.08740886104506085,0.1,-0.005761271147147874,0.8,0.5999999999999999,0.3,,,0.7,0.2,-0.4800000000000002,0.3,"Residential Construction",
"IEX",0,"Industrials",-8,50,13,13,"Included",16,20,4,976,2446,1916,433,1296,23439,23362,22759,20665,"HoldTrim",0.10220558411340261,0.5,0.3866666666666667,0.4,-0.542318244170096,0.3,-0.5356213833521024,0.1,-0.407395258785732,0.8,1.0,0.3,,,,,1.0,0.3,"Specialty Industrial Machinery",322
"GILD",0,"Healthcare",9,53,7,10,"Included",15,20,4,336,1477,1387,1533,-2068,14612,13775,13434,13113,"HoldTrim",-0.20278661716964783,0.5,1.0,0.4,-0.1206545169508133,0.3,-0.32554028593434786,0.1,-0.7452358754755553,0.8,1.0,0.3,0.8,0.3,,,0.9466666666666668,0.3,"Drug Manufacturers - General",539
"DG",0,"Consumer Defensive",0,32,-44,31,"Included",3,20,4,235,1537,1230,308,1891,12341,12247,12071,12058,"HoldTrim",0.4348141527492789,0.5,1.0,0.4,0.30150891632373106,0.3,-0.11568087604317911,0.1,-0.0015137611320131187,0.8,1.0,0.3,0.8,0.3,,,0.41482902113240927,0.3,"Discount Stores",692
"WDC",1,"Technology",12,3,26,31,"Included",10,19,4,2217,1447,3304,,13085,45944,49081,50734,38708,"HoldTrim",0.12543858160105553,0.5,-1.0,0.4,-0.15514403292181073,0.3,0.12837504544728828,0.1,0.3591295516734678,0.8,0.0,0.3,,,0.7,0.2,0.56,0.3,"Computer Hardware",137
"STX",1,"Technology",-17,24,21,18,"Included",17,19,4,2102,1535,4328,17418,37153,85000,86846,85248,62630,"HoldTrim",0.08078446871317992,0.5,-1.0,0.4,-0.46090534979423864,0.3,-0.23541373229839202,0.1,-0.033653327303393064,0.8,0.0,0.3,,,0.7,0.2,0.8666666666666667,0.3,"Computer Hardware",101
"GOOG",0,"Communication Services",-13,9,38,24,"Included",9,19,4,1237,2307,2354,671,4868,34175,34572,34926,32582,"HoldTrim",-0.1270544525093583,0.5,-0.19333333333333336,0.4,-0.6727023319615912,0.3,-0.04109473674054512,0.1,0.08520133970788213,0.8,0.0,0.3,,,0.7,0.2,0.8933333333333333,0.3,"Internet Content & Information",54
"DOV",0,"Industrials",12,-23,14,13,"Included",14,19,4,1156,1734,1503,353,1491,20192,20627,20995,20726,"HoldTrim",0.1199081549382783,0.5,-0.01333333333333342,0.4,0.01968449931412899,0.3,0.26514762630201516,0.1,0.3529819831021562,0.8,-0.8,0.3,,,,,0.5210699113904771,0.3,"Specialty Industrial Machinery",333
"TEL",0,"Technology",13,10,6,30,"Included",15,19,4,1162,1577,1286,445,2329,20352,20899,20838,21282,"HoldTrim",0.27401049558753515,0.5,-0.026666666666666616,0.4,0.007201646090535036,0.3,0.4611243666210547,0.1,0.5005366844631158,0.8,-1.0,0.3,,,0.7,0.2,1.0,0.3,"Electronic Components",397
"TTWO",0,"Communication Services",-47,32,4,30,"Included",5,19,4,983,2326,5991,1265,-904,23962,24185,23860,23102,"HoldTrim",-0.03244366283667594,0.5,0.37111111111111095,0.4,-0.6779149519890261,0.3,-0.03219249443669971,0.1,-0.032151382481762324,0.8,0.5999999999999999,0.3,,,0.7,0.2,1.0,0.3,"Electronic Gaming & Multimedia",280
"PEG",0,"Utilities",25,-65,9,49,"Included",11,19,4,527,1554,1360,209,1184,7261,7601,7766,8007,"HoldTrim",-0.4498226577191628,0.5,1.0,0.4,0.41139525769155394,0.3,,,0.99947195555978,0.8,-1.0,0.3,0.8,0.3,,,0.9194429053467488,0.3,"Utilities - Regulated Electric",30
"BR",0,"Technology",32,9,8,3,"Included",16,19,4,889,1574,1321,731,4092,18218,16725,15931,17794,"HoldTrim",0.5469573301953472,0.5,0.5800000000000001,0.4,-0.11234567901234573,0.3,-0.5199983676368896,0.1,-0.7207619663061055,0.8,0.8,0.3,,,0.7,0.2,1.0,0.3,"Information Technology Services",575
"FE",0,"Utilities",4,-26,20,40,"Included",10,19,4,450,1558,1051,206,949,4596,4747,4769,4726,"HoldTrim",-0.6898692810457516,0.5,1.0,0.4,0.579345483049187,0.3,,,0.6402373297314348,0.8,-0.8,0.3,0.8,0.3,,,0.9918232309199151,0.3,"Utilities - Regulated Electric",-758
"EQR",0,"Real Estate",5,-17,12,26,"Included",12,19,4,749,4136,1734,227,802,6366,6579,6622,6450,"HoldTrim",0.16671082177527294,0.5,0.891111111111111,0.4,-0.35370370370370374,0.3,0.5117001745574299,0.1,0.5188151863605248,0.8,-0.8,0.3,0.8,0.3,,,0.23972774834750488,0.3,"REIT - Residential",
"WST",0,"Healthcare",-17,50,14,17,"Included",14,19,4,1138,3543,2711,831,1909,35308,34946,34231,30218,"HoldTrim",0.010566075676752643,0.5,0.026666666666666616,0.4,-1.0,0.3,-0.6560583474958323,0.1,-0.35793218701746243,0.8,1.0,0.3,0.8,0.3,,,0.5103606874339304,0.3,"Medical Instruments & Supplies",112
"HD",0,"Consumer Cyclical",7,-6,10,16,"Included",14,19,4,959,2092,1556,2008,10430,33561,34096,33844,34939,"HoldTrim",0.5034257097650506,0.5,0.4244444444444444,0.4,-0.3787967862041936,0.3,0.2610920050327412,0.1,0.3124630521647192,0.8,-1.0,0.3,,,0.7,0.2,0.6399999999999999,0.3,"Home Improvement Retail",
"MCO",0,"Financial Services",-14,25,27,8,"Included",25,19,4,1330,2661,2305,2882,7693,50332,48654,47881,47469,"HoldTrim",0.3163013264178233,0.5,-0.3999999999999999,0.4,-0.7698216735253772,0.3,-0.776855693868142,0.1,-0.47562988173323134,0.8,1.0,0.3,,,,,0.9733333333333334,0.3,"Financial Data & Stock Exchanges",296
"BXP",0,"Real Estate",3,22,-3,30,"Included",8,19,4,1039,3235,1808,209,531,6767,6821,6710,6489,"HoldTrim",0.07322497138139976,0.5,0.2466666666666666,0.4,-0.2868214775622184,0.3,-0.01667865842315941,0.1,0.0016446937571260958,0.8,0.5999999999999999,0.3,0.8,0.3,,,0.6703903794334809,0.3,"REIT - Office",
"PG",0,"Consumer Defensive",13,-31,7,28,"Included",13,19,4,377,1956,1464,630,3029,14468,14525,14633,14852,"HoldTrim",0.33833956643173235,0.5,1.0,0.4,-0.29280815206741134,0.3,0.21170116433308306,0.1,0.3894654649155432,0.8,-1.0,0.3,0.8,0.3,,,1.0,0.3,"Household & Personal Products",395
"WAB",0,"Industrials",-26,61,26,6,"Included",27,19,4,928,2392,2134,449,1155,29757,29267,28287,25422,"HoldTrim",-0.10854123713440941,0.5,0.4933333333333332,0.4,-0.6015775034293552,0.3,-0.2581931846979768,0.1,-0.5874013116954991,0.8,1.0,0.3,,,,,1.0,0.3,"Railroads",219
"CNC",0,"Healthcare",13,24,-15,11,"Included",16,19,4,1105,1224,462,142,-2036,6502,6507,6349,5147,"HoldTrim",0.08443610055325838,0.5,0.10000000000000009,0.4,1.0,0.3,-0.4740612015249318,0.1,-0.3256837593650836,0.8,0.5999999999999999,0.3,0.8,0.3,,,0.35001550252953795,0.3,"Healthcare Plans",
"MSI",0,"Technology",-17,31,27,-2,"Included",32,19,4,870,2518,2353,2976,9157,48047,45695,43883,43020,"HoldTrim",0.236932667087012,0.5,0.6222222222222222,0.4,-0.7305898491083676,0.3,-0.8135062096078552,0.1,-0.8638630846042149,0.8,1.0,0.3,,,0.7,0.2,1.0,0.3,"Communication Equipment",249
"COO",0,"Healthcare",-16,30,8,11,"Included",14,19,4,823,1526,1969,180,285,7622,7478,7226,7188,"HoldTrim",-0.18329778790739432,0.5,0.7266666666666666,0.4,0.15055849500293939,0.3,-0.18188979496742355,0.1,-0.34881796588365394,0.8,1.0,0.3,0.8,0.3,,,-0.04000000000000026,0.3,"Medical Instruments & Supplies",
"KVUE",0,"Consumer Defensive",2,17,-21,24,"Included",9,19,4,431,1537,1267,347,1558,1906,1909,1888,1841,"HoldTrim",0.33789985312755616,0.5,1.0,0.4,0.2097099745247893,0.3,-0.13671570368901476,0.1,-0.06464345026535491,0.8,0.5999999999999999,0.3,0.8,0.3,,,0.45755195164558393,0.3,"Household & Personal Products",521
"PFE",0,"Healthcare",22,38,-29,3,"Included",26,19,4,280,969,836,188,501,2807,2657,2590,2588,"HoldTrim",0.21047719799742995,0.5,1.0,0.4,0.888026650989614,0.3,-0.8376508111437487,0.1,-0.858423222274888,0.8,1.0,0.3,0.8,0.3,,,1.0,0.3,"Drug Manufacturers - General",780
"PFG",0,"Financial Services",7,24,-29,16,"Included",11,19,4,880,1071,1052,196,1295,11075,11262,11065,9971,"HoldTrim",-0.0630631464052716,0.5,0.6000000000000001,0.4,0.7309425827944349,0.3,0.04687207093198947,0.1,-0.0920496461675545,0.8,0.5999999999999999,0.3,,,,,0.5043070011554827,0.3,"Asset Management",
"PRU",0,"Financial Services",15,36,-49,11,"Included",17,19,4,826,820,1198,132,1201,12115,12163,11700,10902,"HoldTrim",0.345108921058042,0.5,0.72,0.4,0.841073878110915,0.3,-0.21592377998146617,0.1,-0.33493860939164977,0.8,0.5999999999999999,0.3,,,,,1.0,0.3,"Insurance - Life",
"FIX",1,"Industrials",7,8,32,28,"Included",6,18,4,1701,2751,3020,9020,5529,165561,172613,174949,150313,"HoldTrim",0.30565018023693863,0.5,-1.0,0.4,-0.7945130315500686,0.3,0.01477897983603138,0.1,0.2204255402130058,0.8,0.0,0.3,,,,,1.0,0.3,"Engineering & Construction",316
"TPR",1,"Consumer Cyclical",33,-20,6,33,"Included",3,18,4,1464,1467,1421,3859,19714,13017,14159,14377,13635,"HoldTrim",0.44515206256652,0.5,-0.6977777777777778,0.4,-0.13590045071526552,0.3,0.46687344532512043,0.1,0.5151904019569635,0.8,-0.8,0.3,,,0.7,0.2,1.0,0.3,"Luxury Goods",539
"DAL",1,"Industrials",4,22,12,12,"Included",14,18,4,1311,936,937,247,2013,8241,8706,8569,7554,"HoldTrim",0.3841673434526412,0.5,-0.35777777777777775,0.4,0.734381736233588,0.3,0.3441022083562091,0.1,0.27648065000559646,0.8,0.0,0.3,,,,,-0.15999999999999992,0.3,"Airlines",
"BG",0,"Consumer Defensive",-27,-3,27,38,"Included",2,18,4,650,997,1262,136,718,11311,11309,11472,11197,"HoldTrim",-0.765359477124183,0.5,1.0,0.4,0.7512443660591809,0.3,,,0.04748475566290951,0.8,0.5999999999999999,0.3,0.8,0.3,,,1.0,0.3,"Farm Products",-2980
"SYK",0,"Healthcare",-6,0,13,21,"Included",8,18,4,771,1966,1876,527,1651,32945,33485,32945,33988,"HoldTrim",0.2066622552149475,0.5,0.8422222222222222,0.4,-0.5135410542817951,0.3,0.23562442593098698,0.1,0.19387281722970143,0.8,-1.0,0.3,0.8,0.3,,,1.0,0.3,"Medical Devices",325
"APO",0,"Financial Services",-33,33,21,18,"Included",16,18,4,1508,1236,,390,1141,13269,13147,12822,12736,"HoldTrim",0.08260869565217407,0.5,-0.7955555555555556,0.4,0.2372427983539095,0.3,-0.34893639052111014,0.1,-0.19570467273472458,0.8,1.0,0.3,,,,,0.6666666666666667,0.3,"Asset Management",
"T",0,"Communication Services",4,18,-21,10,"Included",11,18,4,417,986,755,158,1834,2529,2421,2372,2506,"HoldTrim",0.2233332108184363,0.5,1.0,0.4,0.9817754262198704,0.3,-0.5825119705097952,0.1,-0.49016001326019626,0.8,0.8,0.3,,,0.7,0.2,0.8666666666666667,0.3,"Telecom Services",585
"BRK-B",0,"Financial Services",-36,16,5,33,"Included",10,18,4,607,2234,-179,0,1212,49582,50491,50027,49246,"HoldTrim",0.6236025257789105,0.5,1.0,0.4,0.04197530864197533,0.3,0.3860983858414917,0.1,0.3044576190885273,0.8,0.0,0.3,,,,,1.0,0.3,"Insurance - Diversified",
"TFC",0,"Financial Services",-2,24,-13,29,"Included",4,18,4,870,1010,,105,906,5042,5183,5129,4939,"HoldTrim",0.5033333333333333,0.5,0.6222222222222222,0.4,1.0,0.3,0.3982071432161003,0.1,0.2200752296226866,0.8,0.0,0.3,,,,,0.9199999999999999,0.3,"Banks - Regional",
"EIX",0,"Utilities",60,-2,-16,30,"Included",1,18,4,651,1100,812,158,1973,7159,7261,7313,6873,"HoldTrim",-0.19935015543732065,0.5,1.0,0.4,0.9203409758965315,0.3,-0.04541728082496706,0.1,0.10622060447644958,0.8,0.0,0.3,0.8,0.3,,,1.0,0.3,"Utilities - Regulated Electric",30
"AMP",0,"Financial Services",22,34,-13,5,"Included",24,18,4,1137,1075,,772,6343,55559,55104,52540,49382,"HoldTrim",0.32487170103152496,0.5,0.028888888888888964,0.4,-0.0020576131687243134,0.3,-0.5521280243363113,0.1,-0.5683127664868661,0.8,1.0,0.3,,,,,1.0,0.3,"Asset Management",
"GWW",0,"Industrials",14,8,-26,14,"Included",11,18,4,1047,2571,2002,1496,4609,131224,132166,131888,119940,"HoldTrim",0.16622751947490375,0.5,0.22888888888888892,0.4,-0.7451303155006859,0.3,-0.18072185077522418,0.1,-0.05636469568146994,0.8,0.0,0.3,,,,,1.0,0.3,"Industrial Distribution",202
"REGN",0,"Healthcare",27,54,-14,-2,"Included",31,18,4,188,1376,1659,264,1404,83404,77929,72896,69818,"HoldTrim",0.1081744525711539,0.5,1.0,0.4,0.20017636684303342,0.3,-0.8274925552665124,0.1,-1.0,0.8,1.0,0.3,0.8,0.3,,,1.0,0.3,"Biotechnology",357
"GIS",0,"Consumer Defensive",37,13,-57,11,"Included",15,18,4,-47,1245,708,386,-103,3997,3801,3698,3969,"HoldTrim",0.1179481593312052,0.5,1.0,0.4,0.5133646874387617,0.3,-0.5203926258324042,0.1,-0.3964715828053954,0.8,0.8,0.3,0.8,0.3,,,0.39454575320190366,0.3,"Packaged Foods",1080
"AKAM",1,"Technology",-9,-1,17,37,"Included",7,17,4,645,1541,2024,334,892,11042,11731,12002,11034,"HoldTrim",-0.07153982725487679,0.5,1.0,0.4,-0.15514403292181073,0.3,0.14578086811919108,0.1,0.4953489935917323,0.8,0.0,0.3,,,0.7,0.2,0.6446192793958392,0.3,"Software - Infrastructure",447
"AZO",1,"Consumer Cyclical",-10,-45,40,40,"Included",-7,17,4,344,1689,1433,,,295795,303459,308252,339586,"HoldTrim",0.38456878035479936,0.5,1.0,0.4,0.19526748971193428,0.3,0.7561979417287437,0.1,0.7477577711344874,0.8,-1.0,0.3,,,0.7,0.2,1.0,0.3,"Auto Parts",
"TJX",0,"Consumer Cyclical",3,-42,23,48,"Included",7,17,4,616,2436,1857,1493,6217,14053,15186,15455,15336,"HoldTrim",0.20807538379517443,0.5,1.0,0.4,-0.6324319028022732,0.3,1.0,0.1,0.8698637847574018,0.8,-0.8,0.3,,,0.7,0.2,1.0,0.3,"Apparel Retail",283
"APH",0,"Technology",-11,57,10,22,"Included",8,17,4,1251,2424,2189,1249,3812,15701,16167,15835,14446,"HoldTrim",0.19658421607280535,0.5,-0.22444444444444445,0.4,-0.70480109739369,0.3,-0.06161861953129644,0.1,0.02707237895957837,0.8,0.0,0.3,,,0.7,0.2,0.9066666666666667,0.3,"Electronic Components",197
"KR",0,"Consumer Defensive",9,-55,11,30,"Included",13,17,4,409,1045,835,626,1378,5790,5711,5872,6359,"HoldTrim",0.2020229396193079,0.5,1.0,0.4,0.28992749363119724,0.3,-0.07158748272628135,0.1,0.36452223966843406,0.8,-0.6000000000000001,0.3,0.8,0.3,,,0.9200000000000002,0.3,"Grocery Stores",
"TT",0,"Industrials",9,-19,16,26,"Included",11,17,4,1205,2594,2393,1168,3664,45343,46849,46988,45195,"HoldTrim",0.3396855585094802,0.5,-0.12222222222222223,0.4,-0.751440329218107,0.3,0.1864794375252754,0.1,0.2479094661419956,0.8,0.0,0.3,,,,,0.7466666666666668,0.3,"Building Products & Equipment",313
"MDLZ",0,"Consumer Defensive",-39,32,4,15,"Included",8,17,4,404,1917,1688,310,1334,6445,6268,6172,6036,"HoldTrim",-0.03312574426536195,0.5,1.0,0.4,-0.048775230256711634,0.3,-0.32661413734434924,0.1,-0.5412652281756875,0.8,1.0,0.3,0.8,0.3,,,0.7599999999999998,0.3,"Confectioners",274
"MDT",0,"Healthcare",1,27,-6,12,"Included",8,17,4,566,1456,1386,242,984,9335,8921,8592,8761,"HoldTrim",-0.019748190086632905,0.5,1.0,0.4,0.3634136782284931,0.3,-0.24990058103155013,0.1,-0.6327331012887291,0.8,0.8,0.3,0.8,0.3,,,1.0,0.3,"Medical Devices",387
"AWK",0,"Utilities",-3,21,-8,40,"Included",4,17,4,577,2062,1468,231,1010,13539,13536,13330,13306,"HoldTrim",-0.6699346405228759,0.5,1.0,0.4,0.17414266117969837,0.3,,,-0.033718814677329415,0.8,1.0,0.3,0.8,0.3,,,1.0,0.3,"Utilities - Regulated Water",-664
"ADP",0,"Technology",27,16,-28,2,"Included",21,17,4,823,2096,1760,1852,7224,28081,26878,25421,24541,"HoldTrim",0.5113622769709629,0.5,0.7266666666666666,0.4,-0.48783068783068784,0.3,-0.7835362285066634,0.1,-0.786524568718226,0.8,1.0,0.3,,,0.7,0.2,1.0,0.3,"Software - Application",470
"BF.B",0,"Consumer Defensive",8,22,-60,14,"Included",11,17,4,340,1672,1296,325,1785,2844,2791,2736,2747,"HoldTrim",0.40675914337577135,0.5,1.0,0.4,0.19806976288457784,0.3,-0.41151288568991007,0.1,-0.2665951245920554,0.8,0.8,0.3,0.8,0.3,,,0.176937330917449,0.3,"Beverages - Wineries & Distilleries",567
"VRSK",1,"Industrials",0,-15,21,12,"Included",7,16,4,664,2156,1878,,,18750,18737,18752,19952,"HoldTrim",0.4016055397914341,0.5,1.0,0.4,-0.35008818342151676,0.3,0.10223200046874825,0.1,0.28086928249849313,0.8,-0.6000000000000001,0.3,,,,,0.46289188420453153,0.3,"Consulting Services",433
"DVN",0,"Energy",-14,53,25,-4,"Included",29,16,4,419,903,728,135,1152,4910,4590,4496,4292,"HoldTrim",-0.3582315571061635,0.5,1.0,0.4,1.0,0.3,,,-0.8209299521634187,0.8,1.0,0.3,,,,,1.0,0.3,"Oil & Gas E&P",145
"KIM",0,"Real Estate",18,-18,1,29,"Included",6,16,4,968,2687,1834,157,581,2402,2462,2478,2355,"HoldTrim",-0.0038460534392129966,0.5,0.4044444444444446,0.4,-0.05393885949441494,0.3,0.1329139188153233,0.1,0.34942877326646865,0.8,0.0,0.3,0.8,0.3,,,0.2509185374598264,0.3,"REIT - Retail",
"LYV",0,"Communication Services",-33,38,12,13,"Included",12,16,4,1116,9630,2986,50930,1768,18182,18245,17876,16618,"HoldTrim",0.2531722343995651,0.5,0.0755555555555556,0.4,-1.0,0.3,-0.36710697023761707,0.1,-0.2868618176942618,0.8,0.5999999999999999,0.3,,,0.7,0.2,0.6646151758826988,0.3,"Entertainment",400
"GEN",0,"Technology",42,19,-21,9,"Included",19,16,4,1201,876,1036,652,4194,2893,2794,2671,2546,"HoldTrim",0.7365707761264448,0.5,-0.11333333333333329,0.4,0.22994317068391143,0.3,-0.6680067092203372,0.1,-0.6246307955454161,0.8,1.0,0.3,,,0.7,0.2,1.0,0.3,"Software - Infrastructure",893
"BAX",0,"Healthcare",12,32,-37,5,"Included",16,16,4,595,1293,1120,219,-1437,2634,2600,2402,2141,"HoldTrim",-0.058667936766522155,0.5,1.0,0.4,0.5914658044287673,0.3,-0.1628429713961701,0.1,-0.5922749126966984,0.8,1.0,0.3,0.8,0.3,,,0.14123862255030084,0.3,"Medical Instruments & Supplies",735
"NVR",0,"Consumer Cyclical",34,-15,-4,24,"Included",0,16,4,913,1545,1103,502,3154,635851,634353,637753,681065,"HoldTrim",0.5119277488801216,0.5,0.5266666666666666,0.4,0.010954340583970218,0.3,-0.06136986978405434,0.1,0.2744449608050492,0.8,-0.6000000000000001,0.3,,,0.7,0.2,1.0,0.3,"Residential Construction",539
"ZBH",0,"Healthcare",5,25,-17,6,"Included",11,16,4,462,1114,1034,152,641,10098,9732,9385,9303,"HoldTrim",-0.016951094933131097,0.5,1.0,0.4,0.8101508916323729,0.3,-0.2939951980797065,0.1,-0.5965186589027391,0.8,1.0,0.3,0.8,0.3,,,0.2715156067738369,0.3,"Medical Devices",566
"BDX",0,"Healthcare",17,37,-6,-3,"Included",23,16,4,258,1444,1117,214,661,19200,17725,16651,15825,"HoldTrim",0.45349819104007627,0.5,1.0,0.4,0.5608857534783461,0.3,-0.9545232711144078,0.1,-1.0,0.8,1.0,0.3,0.8,0.3,,,1.0,0.3,"Medical Instruments & Supplies",856
"JNJ",0,"Healthcare",7,58,-11,9,"Included",11,16,4,231,2196,1949,766,2574,27024,26257,25512,23275,"HoldTrim",0.2202661733487358,0.5,1.0,0.4,-0.6152655300803449,0.3,-0.8587705968822879,0.1,-0.6843251955431064,0.8,1.0,0.3,0.8,0.3,,,0.9199999999999999,0.3,"Drug Manufacturers - General",259
"BBY",0,"Consumer Cyclical",38,38,-36,0,"Included",35,16,4,1317,1213,777,587,3910,8589,8516,8149,7394,"HoldTrim",0.45597840730632294,0.5,-0.37111111111111117,0.4,0.2745247893396041,0.3,-0.4985174909100246,0.1,-0.46361890960348445,0.8,1.0,0.3,,,0.7,0.2,-0.04000000000000026,0.3,"Specialty Retail",
"META",1,"Communication Services",7,-61,28,39,"Included",4,15,4,1243,1585,1298,536,2985,54990,57734,59238,63092,"HoldTrim",-0.04304932937239757,0.5,-0.20666666666666678,0.4,-0.10319419949049588,0.3,0.26921952056728726,0.1,0.7756371773467401,0.8,-1.0,0.3,,,0.7,0.2,1.0,0.3,"Internet Content & Information",154
"LHX",1,"Industrials",-7,-45,32,42,"Included",-4,15,4,746,1981,3077,260,,26673,28298,29111,30574,"HoldTrim",-0.18518518518518515,0.5,0.8977777777777778,0.4,-0.1388203017832649,0.3,0.36549374828172926,0.1,0.8915638730772171,0.8,-1.0,0.3,,,,,1.0,0.3,"Aerospace & Defense",
"LII",1,"Industrials",29,-81,10,43,"Included",5,15,4,1199,1530,1358,1073,7176,40287,44035,47707,50909,"HoldTrim",0.049950773832516795,0.5,-0.10888888888888881,0.4,-0.11985106799921633,0.3,0.8807239488731495,0.1,0.9927273468785259,0.8,-1.0,0.3,,,,,0.6304371114232517,0.3,"Building Products & Equipment",199
"TYL",0,"Technology",-19,8,19,1,"Included",15,15,4,809,2285,3238,473,973,35073,32559,31786,36475,"HoldTrim",0.07363992717036595,0.5,0.7577777777777777,0.4,-0.6166666666666667,0.3,-0.45769487436896894,0.1,-0.3880802420829045,0.8,2.220446049250313E-16,0.3,,,0.7,0.2,0.78998349350648,0.3,"Software - Application",414
"DDOG",0,"Technology",-34,23,10,24,"Included",6,15,4,1509,7937,97588,1937,470,23562,24820,24240,19078,"HoldTrim",-0.2617046995910435,0.5,-0.7977777777777777,0.4,-1.0,0.3,0.022813968182937218,0.1,0.13115557240933334,0.8,0.0,0.3,,,0.7,0.2,0.6933333333333334,0.3,"Software - Application",124
"RL",0,"Consumer Cyclical",20,0,4,29,"Included",5,15,4,1371,1781,1460,816,3754,37259,38333,38280,36213,"HoldTrim",0.33451384033838266,0.5,-0.49111111111111105,0.4,-0.2426807760141093,0.3,0.2018003039179097,0.1,0.2140230858928681,0.8,0.0,0.3,,,0.7,0.2,0.7836746586873837,0.3,"Apparel Manufacturing",396
"KKR",0,"Financial Services",-35,15,21,18,"Included",10,15,4,1786,1468,,345,728,10848,10645,10237,10703,"HoldTrim",-0.11690821256038633,0.5,-1.0,0.4,0.26676954732510266,0.3,-0.0997296924398591,0.1,-0.13356122155381275,0.8,0.8,0.3,,,,,0.6266666666666665,0.3,"Asset Management",
"ETN",0,"Industrials",-39,51,13,16,"Included",10,15,4,1177,2614,2764,804,1968,41920,43034,41938,39030,"HoldTrim",0.17196536315065963,0.5,-0.06000000000000005,0.4,-0.7569272976680385,0.3,-0.08667141902202524,0.1,0.029074493805441273,0.8,0.0,0.3,,,,,0.8666666666666667,0.3,"Specialty Industrial Machinery",191
"FFIV",0,"Technology",5,10,-12,24,"Included",10,15,4,1033,2128,2212,567,1983,38463,39946,39620,34765,"HoldTrim",0.2917138371038497,0.5,0.26,0.4,-0.6235939643347052,0.3,0.1344235473452433,0.1,0.12812441852768405,0.8,0.0,0.3,,,0.7,0.2,0.6824441093443117,0.3,"Software - Infrastructure",329
"EXR",0,"Real Estate",0,17,-1,20,"Included",4,15,4,1185,3049,1976,234,695,14681,14774,14695,14341,"HoldTrim",0.003959647520280897,0.5,-0.07777777777777772,0.4,-0.3709778561630414,0.3,0.017508045372778946,0.1,0.027571023791527944,0.8,0.0,0.3,0.8,0.3,,,0.44696698838362114,0.3,"REIT - Industrial",
"MRSH",0,"Financial Services",-4,20,-14,14,"Included",3,15,4,579,1683,1451,604,2590,19201,18794,18216,18086,"HoldTrim",0.5362567435344042,0.5,1.0,0.4,-0.2110327258475407,0.3,-0.462792751995327,0.1,-0.38632703915314,0.8,1.0,0.3,,,,,1.0,0.3,"Insurance Brokers",
"CBOE",0,"Financial Services",-6,20,-28,22,"Included",0,15,4,415,1979,1587,559,2630,30074,28973,28762,28187,"HoldTrim",0.07603012334215391,0.5,1.0,0.4,-0.3641975308641975,0.3,-0.46117142213403184,0.1,-0.22705526647903423,0.8,1.0,0.3,,,,,1.0,0.3,"Financial Data & Stock Exchanges",216
"SJM",0,"Consumer Defensive",4,34,-2,3,"Included",11,15,4,250,1154,1056,239,-239,12432,11968,11571,10878,"HoldTrim",-0.07715166433032358,0.5,1.0,0.4,0.6264256319811873,0.3,-0.34395747438611,0.1,-0.7260089541365794,0.8,1.0,0.3,0.8,0.3,,,0.4644020237080264,0.3,"Packaged Foods",757
"APA",0,"Energy",50,67,-40,-21,"Included",51,15,4,348,1033,342,217,2666,4339,3978,3768,3333,"HoldTrim",0.5137714835600515,0.5,1.0,0.4,0.9416323731138546,0.3,-0.8308131985606949,0.1,-1.0,0.8,1.0,0.3,,,,,0.7468206493493141,0.3,"Oil & Gas E&P",1412
"DLTR",0,"Consumer Defensive",14,44,-49,6,"Included",16,15,4,665,1700,1324,725,3398,13148,12858,12344,11538,"HoldTrim",0.39827073208162955,0.5,1.0,0.4,-0.1485008818342151,0.3,-0.7738882578826198,0.1,-0.5608479333232496,0.8,1.0,0.3,0.8,0.3,,,0.3706179445302267,0.3,"Discount Stores",571
"APP",1,"Communication Services",10,-73,39,49,"Included",0,14,4,2529,1456,1898,3241,20369,30577,34929,40451,47054,"HoldTrim",0.2926852602860626,0.5,-1.0,0.4,-0.38526357044875564,0.3,0.9202932337202181,0.1,0.9862231257865851,0.8,-1.0,0.3,,,0.7,0.2,1.0,0.3,"Advertising Agencies",310
"CCL",1,"Consumer Cyclical",4,-32,38,37,"Included",-2,14,4,2338,975,811,272,2669,2573,2736,2748,2808,"HoldTrim",0.25839476918677295,0.5,-1.0,0.4,0.7440525181265923,0.3,0.7401525101739577,0.1,0.702758574062902,0.8,-1.0,0.3,,,0.7,0.2,0.8417668760435422,0.3,"Travel Services",539
"BA",1,"Industrials",-14,1,51,25,"Included",0,14,4,1221,5198,-6841,2776,17354,21420,22394,22272,22189,"HoldTrim",0.6550836439930763,0.5,-0.1577777777777778,0.4,-1.0,0.3,0.38127996223238014,0.1,0.41094225369147874,0.8,-0.8,0.3,,,,,1.0,0.3,"Aerospace & Defense",332
"STZ",1,"Consumer Defensive",41,-47,-2,22,"Included",0,14,4,400,1095,981,282,2369,13566,13362,13582,14468,"HoldTrim",0.6647687687687688,0.5,1.0,0.4,0.6026650989613952,0.3,-0.22843198811321452,0.1,0.2592488244984881,0.8,-0.6000000000000001,0.3,0.8,0.3,,,0.7080843422701928,0.3,"Beverages - Brewers",954
"ZTS",1,"Healthcare",39,-42,-10,31,"Included",-7,14,4,730,1169,976,,6491,7773,7544,7811,10210,"HoldTrim",0.5042054082753841,0.5,0.9333333333333333,0.4,0.7719576719576717,0.3,-0.178241453749163,0.1,0.36617888316231745,0.8,-0.6000000000000001,0.3,0.8,0.3,,,1.0,0.3,"Drug Manufacturers - Specialty & Generic",628
"TER",0,"Technology",-17,24,12,16,"Included",8,14,4,1793,3252,3889,1871,3646,37574,38564,37858,31395,"HoldTrim",0.011934527643921135,0.5,-1.0,0.4,-0.9319615912208504,0.3,-0.21846467708954198,0.1,-0.016217691453251668,0.8,0.0,0.3,,,0.7,0.2,0.6533333333333331,0.3,"Semiconductor Equipment & Materials",74
"TKO",0,"Communication Services",-42,-5,35,23,"Included",-2,14,4,648,4844,1448,423,706,19314,19225,19192,19434,"HoldTrim",-0.27767623029072663,0.5,1.0,0.4,-0.5653439153439154,0.3,-0.055843280484130765,0.1,0.1663008452075623,0.8,2.220446049250313E-16,0.3,,,0.7,0.2,0.6169360893601366,0.3,"Entertainment",234
"XYZ",0,"Technology",-12,35,11,19,"Included",7,14,4,2526,1582,3215,224,161,8216,8052,7827,7247,"HoldTrim",-0.8202557639824297,0.5,-1.0,0.4,0.037311385459533546,0.3,,,-0.4964897879639993,0.8,1.0,0.3,,,0.7,0.2,1.0,0.3,"Software - Infrastructure",-5
"MSFT",0,"Technology",3,24,-4,11,"Included",7,14,4,1099,2050,1874,811,3404,48324,46998,44053,43639,"HoldTrim",-0.14614001443452398,0.5,0.11333333333333329,0.4,-0.535528120713306,0.3,-0.17023514901581654,0.1,-0.6178842056716607,0.8,1.0,0.3,,,0.7,0.2,0.9199999999999999,0.3,"Software - Infrastructure",46
"LOW",0,"Consumer Cyclical",-3,-12,11,23,"Included",4,14,4,851,1650,1248,,,21609,21640,21713,23320,"HoldTrim",0.5255116984761733,0.5,0.6644444444444444,0.4,0.3581422692533803,0.3,0.13037229985677334,0.1,0.3619474780502379,0.8,-1.0,0.3,,,0.7,0.2,1.0,0.3,"Home Improvement Retail",
"OMC",0,"Communication Services",22,39,-17,-8,"Included",27,14,4,660,727,898,249,605,8754,8465,8156,7845,"HoldTrim",0.5049019607843138,0.5,1.0,0.4,0.7886243386243383,0.3,-0.8016158677765137,0.1,-0.7346600944868731,0.8,1.0,0.3,,,0.7,0.2,0.2295864850769347,0.3,"Advertising Agencies",1774
"PH",0,"Industrials",-14,59,3,22,"Included",3,14,4,1128,2543,2375,820,2508,100174,101943,98679,91989,"HoldTrim",0.23329562949589827,0.5,0.04888888888888898,0.4,-0.7374485596707818,0.3,-0.15305012311248323,0.1,-0.12181367570563552,0.8,0.5999999999999999,0.3,,,,,1.0,0.3,"Specialty Industrial Machinery",234
"EFX",0,"Industrials",-3,12,9,6,"Included",12,14,4,1296,1898,1459,517,1427,19262,18188,17657,19004,"HoldTrim",0.12678479712028426,0.5,-0.32444444444444454,0.4,-0.2742504409171076,0.3,-0.487212414494843,0.1,-0.3596234987492707,0.8,0.8,0.3,,,,,0.6449581383410088,0.3,"Consulting Services",419
"MKC",0,"Consumer Defensive",-1,3,-6,7,"Included",8,14,4,627,1680,1383,213,2473,5541,5358,5221,5651,"HoldTrim",0.3502221440658172,0.5,1.0,0.4,0.3572506368802665,0.3,-0.4306955763051544,0.1,-0.25417605073621463,0.8,2.220446049250313E-16,0.3,0.8,0.3,,,0.4851007534676559,0.3,"Packaged Foods",479
"MTB",0,"Financial Services",-5,46,-18,20,"Included",-1,14,4,573,1141,,137,1074,24034,24774,24209,22261,"HoldTrim",0.5966666666666667,0.5,1.0,0.4,0.9791152263374484,0.3,0.25696272845726176,0.1,0.03269001263858749,0.8,0.0,0.3,,,,,0.9421319481585786,0.3,"Banks - Regional",
"CTAS",0,"Industrials",-4,23,-7,14,"Included",2,14,4,918,3334,2804,1587,4071,20379,20134,19444,18966,"HoldTrim",0.18200443888824222,0.5,0.5155555555555555,0.4,-0.9544581618655693,0.3,-0.4100871921321849,0.1,-0.4045405337835485,0.8,1.0,0.3,,,,,1.0,0.3,"Specialty Business Services",180
"CVX",0,"Energy",1,57,12,-7,"Included",17,14,4,488,1555,862,212,1223,20527,19695,19073,18064,"HoldTrim",0.0973048614745352,0.5,1.0,0.4,0.6690574172055651,0.3,-0.7983567780920509,0.1,-0.7984562516911566,0.8,1.0,0.3,,,,,0.9866666666666664,0.3,"Oil & Gas Integrated",545
"RJF",0,"Financial Services",-1,33,-4,12,"Included",4,14,4,920,1235,,265,1842,17520,17609,16970,16186,"HoldTrim",0.4212560386473432,0.5,0.5111111111111111,0.4,0.5848765432098766,0.3,-0.23052823178361326,0.1,-0.3238808341392695,0.8,0.5999999999999999,0.3,,,,,1.0,0.3,"Asset Management",
"IQV",0,"Healthcare",-1,41,22,-3,"Included",24,14,4,1175,1799,1872,693,2282,25982,23785,21912,19924,"HoldTrim",0.4451427359031897,0.5,-0.05555555555555558,0.4,-0.4656084656084656,0.3,-0.9959430629874445,0.1,-1.0,0.8,1.0,0.3,0.8,0.3,,,1.0,0.3,"Diagnostics & Research",503
"VZ",0,"Communication Services",14,42,-32,1,"Included",18,14,4,231,936,780,198,1584,4945,4754,4655,4568,"HoldTrim",0.3673997078365247,0.5,1.0,0.4,0.9081912600431118,0.3,-0.8567683625795322,0.1,-0.6948045617345234,0.8,1.0,0.3,,,0.7,0.2,0.7066666666666666,0.3,"Telecom Services",850
"ABT",0,"Healthcare",-17,9,9,-4,"Included",17,14,4,581,1923,1966,395,1058,11664,10905,10292,10641,"HoldTrim",0.027060437977262836,0.5,1.0,0.4,-0.3549186752890458,0.3,-0.7218219660582773,0.1,-0.9817225234760527,0.8,0.8,0.3,0.8,0.3,,,1.0,0.3,"Medical Devices",357
"TROW",0,"Financial Services",23,19,-32,11,"Included",16,14,4,1483,1083,748,216,1940,11151,11306,11221,10613,"HoldTrim",0.7439936088380367,0.5,-0.74,0.4,0.8514599255339997,0.3,-0.01414364047121841,0.1,0.03060950452264128,0.8,0.0,0.3,,,,,0.5189443271519136,0.3,"Asset Management",
"NXPI",1,"Technology",25,-38,10,38,"Included",5,13,4,1825,1247,1282,499,2792,22556,23836,25537,25034,"HoldTrim",0.6878763803547506,0.5,-1.0,0.4,-1.4697236919467314E-4,0.3,0.548510050044875,0.1,0.6882410917173121,0.8,-0.8,0.3,,,0.7,0.2,0.8666666666666667,0.3,"Semiconductors",625
"AMAT",1,"Technology",-12,10,18,34,"Included",7,13,4,1618,2684,3829,1525,4107,49232,52132,52460,41684,"HoldTrim",-0.0046591611549200935,0.5,-1.0,0.4,-0.7761316872427984,0.3,0.05260923936725508,0.1,0.3337309290772119,0.8,0.0,0.3,,,0.7,0.2,0.8666666666666667,0.3,"Semiconductor Equipment & Materials",79
"AMD",1,"Technology",-34,17,12,18,"Included",8,13,4,2489,3056,7987,1149,1020,47325,48791,48552,36679,"HoldTrim",-0.078955458431527,0.5,-1.0,0.4,-0.8781893004115227,0.3,-0.05487378686924918,0.1,0.060617482688858484,0.8,0.0,0.3,,,0.7,0.2,0.5333333333333332,0.3,"Semiconductors",114
"CMI",1,"Industrials",4,-13,14,30,"Included",6,13,4,1246,1701,1720,630,2111,58768,62952,64472,59527,"HoldTrim",0.17345922851552786,0.5,-0.21333333333333337,0.4,-0.3582990397805213,0.3,0.6141945673784879,0.1,0.5078448088996881,0.8,-0.8,0.3,,,,,1.0,0.3,"Specialty Industrial Machinery",276
"CCI",1,"Real Estate",13,-73,9,28,"Included",9,13,4,970,2615,2026,,,7551,7560,7841,8574,"HoldTrim",0.08918869097109397,0.5,0.3999999999999999,0.4,-0.6358024691358025,0.3,0.15612996542818536,0.1,0.5393584334176051,0.8,-1.0,0.3,0.8,0.3,,,0.614523775737339,0.3,"REIT - Specialty",
"NI",0,"Utilities",-13,-58,39,45,"Included",-11,13,4,554,1802,1295,202,855,4062,4298,4461,4514,"HoldTrim",-0.7205882352941176,0.5,1.0,0.4,0.39071134626690157,0.3,,,0.8399421726559273,0.8,-1.0,0.3,0.8,0.3,,,1.0,0.3,"Utilities - Regulated Gas",-910
"WMB",0,"Energy",-55,-5,23,30,"Included",-2,13,4,615,2689,1692,655,2150,7049,7266,7300,6987,"HoldTrim",-0.3306627917399063,0.5,1.0,0.4,-0.6145404663923183,0.3,0.06168403730439751,0.1,0.26069742221823405,0.8,0.0,0.3,,,,,1.0,0.3,"Oil & Gas Midstream",-176
"SLB",0,"Energy",-33,27,10,-1,"Included",15,13,4,749,1667,1217,307,1291,5387,5195,5108,4804,"HoldTrim",-0.008708022516928803,0.5,0.891111111111111,0.4,0.2745737801293355,0.3,-0.2870403106622013,0.1,-0.5597243786709322,0.8,1.0,0.3,,,,,0.5333333333333332,0.3,"Oil & Gas Equipment & Services",370
"EVRG",0,"Utilities",-4,-18,13,27,"Included",3,13,4,515,1773,1239,182,925,8092,8351,8391,8102,"HoldTrim",-0.6977124183006536,0.5,1.0,0.4,0.4653341171859689,0.3,,,0.4192423837846056,0.8,-0.8,0.3,0.8,0.3,,,0.6450023445519846,0.3,"Utilities - Regulated Electric",-774
"BIIB",0,"Healthcare",3,51,-17,6,"Included",7,13,4,162,1311,1164,170,458,21678,20966,20487,18738,"HoldTrim",-0.2693020955772062,0.5,1.0,0.4,0.6539878502841465,0.3,-0.3577986014223805,0.1,-0.6327406283152506,0.8,1.0,0.3,0.8,0.3,,,0.4288604190555323,0.3,"Drug Manufacturers - General",396
"ROP",0,"Technology",2,12,-35,4,"Included",8,13,4,737,1695,1596,218,1307,41179,39353,37534,38833,"HoldTrim",0.29132334831006473,0.5,0.9177777777777778,0.4,0.23117773858514618,0.3,-0.5468536029266204,0.1,-0.5162791415843887,0.8,0.8,0.3,,,0.7,0.2,0.5550234795094475,0.3,"Software - Application",556
"GDDY",0,"Technology",46,7,-38,9,"Included",8,13,4,918,880,1083,183151,44286,9707,9401,9120,9924,"HoldTrim",0.6108873020337756,0.5,0.5155555555555555,0.4,0.20397805212620024,0.3,-0.2243883472116298,0.1,-0.10976002938074547,0.8,2.220446049250313E-16,0.3,,,0.7,0.2,0.47220428388848923,0.3,"Software - Infrastructure",980
"CHD",0,"Consumer Defensive",-22,24,-11,28,"Included",-5,13,4,471,2445,1890,539,1704,9880,9976,9876,9576,"HoldTrim",0.27421514117870627,0.5,1.0,0.4,-0.6523613560650597,0.3,-0.06886265440126593,0.1,-0.03684077113096361,0.8,0.5999999999999999,0.3,0.8,0.3,,,0.6461179590251278,0.3,"Household & Personal Products",401
"TAP",0,"Consumer Defensive",26,2,-52,10,"Included",5,13,4,427,874,622,79,-1947,4294,4191,4148,4390,"HoldTrim",-0.1403222285250109,0.5,1.0,0.4,1.0,0.3,-0.13456533607585217,0.1,0.0034238963372427524,0.8,2.220446049250313E-16,0.3,0.8,0.3,,,-0.07877019948303021,0.3,"Beverages - Brewers",1168
"GPC",0,"Consumer Cyclical",-5,23,-10,10,"Included",2,13,4,646,1613,1198,408,71,13396,13121,12435,12085,"HoldTrim",-0.18439748660480357,0.5,1.0,0.4,0.11240446796002347,0.3,-0.2133401415441928,0.1,-0.534770946422952,0.8,1.0,0.3,,,0.7,0.2,0.694100254351478,0.3,"Auto Parts",497
"EOG",0,"Energy",30,49,-22,-12,"Included",34,13,4,278,1050,577,265,2251,15305,14466,14102,13125,"HoldTrim",0.2950462510087009,0.5,1.0,0.4,0.848079561042524,0.3,-0.9540393033586347,0.1,-0.8859236158492256,0.8,1.0,0.3,,,,,0.9866666666666664,0.3,"Oil & Gas E&P",558
"NTAP",0,"Technology",32,58,-27,4,"Included",27,13,4,1433,1918,1954,2789,10673,19227,19058,17492,13882,"HoldTrim",0.2817320287234094,0.5,-0.6288888888888888,0.4,-0.5416421712718009,0.3,-0.5497313639320168,0.1,-0.6874290680124705,0.8,1.0,0.3,,,0.7,0.2,0.7767011341550503,0.3,"Software - Infrastructure",343
"MPWR",1,"Technology",-34,5,57,34,"Included",-3,12,4,1686,3783,6327,1661,2198,131628,135540,137878,126593,"HoldTrim",0.6451826921425534,0.5,-1.0,0.4,-1.0,0.3,0.07065284608721822,0.1,0.2907771358238511,0.8,0.0,0.3,,,0.7,0.2,1.0,0.3,"Semiconductors",69
"TMUS",1,"Communication Services",-5,-20,13,33,"Included",2,12,4,327,1268,913,350,1799,18304,18080,18258,19802,"HoldTrim",0.2672990311852099,0.5,1.0,0.4,0.46525573192239855,0.3,-0.18978057318607122,0.1,0.2863978485263045,0.8,2.220446049250313E-16,0.3,,,0.7,0.2,0.9733333333333334,0.3,"Telecom Services",577
"VRT",1,"Industrials",4,-6,22,28,"Included",2,12,4,2077,2879,3773,2120,4394,26195,27638,28749,25830,"HoldTrim",0.3093723404536605,0.5,-1.0,0.4,-0.8296296296296296,0.3,0.09070255278520967,0.1,0.3715051536463787,0.8,0.0,0.3,,,,,0.5866666666666667,0.3,"Electrical Equipment & Parts",267
"TRMB",0,"Technology",5,0,32,12,"Included",5,12,4,1356,1461,1738,248,-194,6025,5739,5634,6377,"HoldTrim",-0.17590259554078125,0.5,-0.45777777777777784,0.4,0.16468743876151282,0.3,-0.1844917456817389,0.1,-0.25224767104775725,0.8,2.220446049250313E-16,0.3,,,0.7,0.2,1.0,0.3,"Scientific & Technical Instruments",488
"SBAC",0,"Real Estate",16,-49,0,25,"Included",2,12,4,979,2225,1873,,,18259,18237,18570,19488,"HoldTrim",0.2836955448665331,0.5,0.3799999999999999,0.4,-0.3745149911816578,0.3,-0.03585035367159484,0.1,0.3020795998218268,0.8,-0.6000000000000001,0.3,0.8,0.3,,,0.740539821243873,0.3,"REIT - Specialty",
"DIS",0,"Communication Services",-11,24,6,13,"Included",6,12,4,1395,1449,1115,169,801,10778,10311,10121,10428,"HoldTrim",-0.31216130665238007,0.5,-0.5444444444444445,0.4,0.6439055457573976,0.3,-0.23025441201733687,0.1,-0.4625179803572573,0.8,0.8,0.3,,,0.7,0.2,0.8666666666666667,0.3,"Entertainment",261
"PLD",0,"Real Estate",-15,2,19,30,"Included",3,12,4,1324,4164,2554,247,775,14180,14169,14227,13614,"HoldTrim",0.08989078533601795,0.5,-0.3866666666666667,0.4,-0.5314814814814814,0.3,-0.28483549766827343,0.1,-0.07906581819384922,0.8,0.5999999999999999,0.3,0.8,0.3,,,1.0,0.3,"REIT - Industrial",
"MS",0,"Financial Services",-16,19,-2,18,"Included",0,12,4,1209,1571,,316,1797,21420,21498,21295,19191,"HoldTrim",0.10966183574879218,0.5,-0.13111111111111118,0.4,0.3049382716049382,0.3,-0.3346804892715869,0.1,-0.153819657250561,0.8,0.5999999999999999,0.3,,,,,0.9599999999999997,0.3,"Capital Markets",
"AVB",0,"Real Estate",0,-19,2,21,"Included",8,12,4,773,3658,1914,217,849,6590,6646,6669,6575,"HoldTrim",0.12836511681518842,0.5,0.8377777777777777,0.4,-0.43042328042328043,0.3,0.023662907938279076,0.1,0.12451096821213517,0.8,0.0,0.3,0.8,0.3,,,0.2669522551216241,0.3,"REIT - Residential",
"J",0,"Industrials",-7,26,12,-10,"Included",19,12,4,667,1817,1934,539,800,15008,14259,13590,13421,"HoldTrim",0.014750413856499604,0.5,1.0,0.4,-0.5033509700176367,0.3,-0.6966900591590235,0.1,-0.7998673338656691,0.8,1.0,0.3,,,,,0.7933452490349264,0.3,"Engineering & Construction",368
"UNP",0,"Industrials",12,52,0,-8,"Included",15,12,4,965,2176,1646,942,3970,30805,29688,28821,26271,"HoldTrim",0.1533393664961987,0.5,0.411111111111111,0.4,-0.44946110131295314,0.3,-0.9440657966573327,0.1,-0.7917295192480766,0.8,1.0,0.3,,,,,1.0,0.3,"Railroads",258
"HCA",0,"Healthcare",1,30,-22,13,"Included",3,12,4,1109,1337,932,,,42919,40700,40426,43023,"HoldTrim",0.13654241700119468,0.5,0.09111111111111114,0.4,0.7377425044091711,0.3,-0.5342985309903792,0.1,-0.2765430692730587,0.8,2.220446049250313E-16,0.3,0.8,0.3,,,1.0,0.3,"Medical Care Facilities",402
"ES",0,"Utilities",29,-12,-29,25,"Included",-7,12,4,702,1430,1107,162,902,7021,7222,7214,7049,"HoldTrim",-0.29398617795583826,0.5,0.9955555555555555,0.4,0.6663139329805997,0.3,0.1800089608364176,0.1,0.3364164645977991,0.8,-0.8,0.3,0.8,0.3,,,0.7361789252597617,0.3,"Utilities - Regulated Electric",307
"FTNT",0,"Technology",-1,45,-37,23,"Included",-1,12,4,1058,4083,4204,7262,11744,15351,15757,15166,11766,"HoldTrim",0.20646524397087904,0.5,0.20444444444444443,0.4,-1.0,0.3,-0.08384889520141092,0.1,-0.141011749120826,0.8,0.5999999999999999,0.3,,,0.7,0.2,0.8399999999999999,0.3,"Software - Infrastructure",201
"WRB",0,"Financial Services",9,2,-48,31,"Included",7,12,4,294,1419,1003,,2021,6860,7073,7058,6997,"HoldTrim",0.6755091873608619,0.5,1.0,0.4,0.6476484420928865,0.3,0.5542763234156061,0.1,0.5224127128645363,0.8,-0.8,0.3,,,,,1.0,0.3,"Insurance - Property & Casualty",
"VLO",0,"Energy",44,55,-49,-21,"Included",45,12,4,554,1143,801,402,2764,34886,32581,30094,24256,"HoldTrim",0.6433891771574975,0.5,1.0,0.4,0.46251224769743293,0.3,-0.8799065778745764,0.1,-1.0,0.8,1.0,0.3,,,,,0.7866666666666666,0.3,"Oil & Gas Refining & Marketing",838
"AVGO",1,"Technology",-24,-4,33,35,"Included",-7,11,4,1473,1889,4273,1999,3728,36845,39094,39237,37115,"HoldTrim",0.23843849954656948,0.5,-0.7177777777777778,0.4,-0.5580246913580247,0.3,0.46546451708759284,0.1,0.5512983215591785,0.8,-0.8,0.3,,,0.7,0.2,1.0,0.3,"Semiconductors",155
"BSX",0,"Healthcare",5,-27,0,32,"Included",7,11,4,566,1467,1494,292,1534,5037,4932,4896,6537,"HoldTrim",0.08735731671093243,0.5,1.0,0.4,0.21066039584558116,0.3,-0.07787833723856308,0.1,0.16455375187230553,0.8,2.220446049250313E-16,0.3,0.8,0.3,,,1.0,0.3,"Medical Devices",336
"PWR",0,"Industrials",-44,11,8,29,"Included",8,11,4,1219,3255,3360,997,1534,63934,66868,66818,59550,"HoldTrim",0.033087367575013675,0.5,-0.15333333333333332,0.4,-0.9327846364883401,0.3,0.031571073903561064,0.1,0.24097818532009294,0.8,0.0,0.3,,,,,1.0,0.3,"Engineering & Construction",203
"SPGI",0,"Financial Services",-31,5,42,10,"Included",5,11,4,1072,2131,1767,404,1426,43129,42031,41729,43226,"HoldTrim",0.2911802604015047,0.5,0.17333333333333334,0.4,-0.32335880854399374,0.3,-0.47663331550250077,0.1,-0.10075080257443475,0.8,2.220446049250313E-16,0.3,,,,,1.0,0.3,"Financial Data & Stock Exchanges",429
"STLD",0,"Basic Materials",-1,7,13,35,"Included",7,11,4,1532,1202,1367,349,1757,22868,24760,24555,21210,"HoldTrim",-0.1834664926066313,0.5,-0.8488888888888888,0.4,0.2450029394473838,0.3,0.17292913326784679,0.1,0.37719347588499696,0.8,0.0,0.3,,,,,1.0,0.3,"Steel",71
"POOL",0,"Industrials",16,-33,-3,20,"Included",0,11,4,1054,1590,1321,542,3125,18798,19546,19771,22289,"HoldTrim",0.2410876999343117,0.5,0.21333333333333337,0.4,-0.11673525377229074,0.3,0.5553721771402045,0.1,0.720881707608413,0.8,-1.0,0.3,,,,,0.015487277412763789,0.3,"Industrial Distribution",312
"GM",0,"Consumer Cyclical",13,62,-8,8,"Included",10,11,4,1329,592,1111,124,316,8793,8572,8333,7744,"HoldTrim",0.16877504972387972,0.5,-0.3977777777777778,0.4,0.9074074074074074,0.3,-0.6105459721794747,0.1,-0.5784092408459892,0.8,1.0,0.3,,,0.7,0.2,0.7999999999999998,0.3,"Auto Manufacturers",2758
"JCI",0,"Industrials",-16,22,-4,22,"Included",-4,11,4,1317,2371,2209,643,1433,14305,14791,14563,13487,"HoldTrim",0.4640043948169603,0.5,-0.37111111111111117,0.4,-0.6902606310013717,0.3,0.08730951076395521,0.1,0.09450026077655302,0.8,0.0,0.3,,,,,0.9466666666666668,0.3,"Building Products & Equipment",344
"PTC",0,"Technology",40,12,-20,-1,"Included",14,11,4,988,1740,1414,494,3505,15468,14424,13717,15138,"HoldTrim",0.6564141416419661,0.5,0.3599999999999999,0.4,-0.19598275524201433,0.3,-0.4326653637739786,0.1,-0.6388963095251164,0.8,0.8,0.3,,,0.7,0.2,0.5078289018242854,0.3,"Software - Application",615
"AOS",0,"Industrials",43,7,-12,6,"Included",8,11,4,1157,1542,1157,465,2713,6308,6213,6145,6466,"HoldTrim",0.45878380417825315,0.5,-0.015555555555555545,0.4,0.04802077209484618,0.3,-0.22272261267064508,0.1,0.05164101430874288,0.8,2.220446049250313E-16,0.3,,,,,0.2695619420284947,0.3,"Specialty Industrial Machinery",565
"PCAR",0,"Industrials",-4,51,-18,18,"Included",-2,11,4,985,1836,2296,339,1276,13103,13020,12709,11864,"HoldTrim",-0.07316774934355538,0.5,0.3666666666666667,0.4,-0.24533607681755817,0.3,-0.15518272794343846,0.1,-0.35113954941657416,0.8,1.0,0.3,,,,,1.0,0.3,"Farm & Heavy Construction Machinery",282
"DOC",0,"Real Estate",-6,36,-29,21,"Included",-4,11,4,997,-14267,1597,190,304,2140,2120,2101,1920,"HoldTrim",0.33523988258662146,0.5,0.33999999999999986,0.4,0.18095238095238078,0.3,-0.41449367661928305,0.1,-0.25057624323165506,0.8,1.0,0.3,0.8,0.3,,,0.45266139268173533,0.3,"REIT - Healthcare Facilities",
"JPM",0,"Financial Services",-6,41,-5,16,"Included",-1,11,4,977,1406,,264,1779,35158,35525,34412,32046,"HoldTrim",1.0,0.5,0.3844444444444446,0.4,0.517283950617284,0.3,-0.14418034342239294,0.1,-0.23623500947526557,0.8,0.5999999999999999,0.3,,,,,1.0,0.3,"Banks - Diversified",
"MO",0,"Consumer Defensive",37,-35,-15,29,"Included",-11,11,4,495,1127,841,,,6609,6735,6908,6777,"HoldTrim",0.9229497124453648,0.5,1.0,0.4,0.8963844797178129,0.3,0.13228270788970176,0.1,0.3670456693490551,0.8,-0.8,0.3,0.8,0.3,,,1.0,0.3,"Tobacco",819
"BRO",0,"Financial Services",-1,11,-28,1,"Included",6,11,4,581,1512,1092,191,1002,7292,7061,6818,7119,"HoldTrim",0.36912966715655937,0.5,1.0,0.4,0.5980501665686849,0.3,-0.4282110244609628,0.1,-0.30990930527581667,0.8,0.8,0.3,,,,,0.23614943045766967,0.3,"Insurance Brokers",
"SOLV",0,"Healthcare",15,45,-19,-6,"Included",19,11,4,671,1240,1768,313,3396,8957,8571,8207,7678,"HoldTrim",0.6475294837946814,0.5,1.0,0.4,0.08907505388986868,0.3,-0.8835163894006375,0.1,-0.8768489195986491,0.8,1.0,0.3,0.8,0.3,,,0.4547167646799073,0.3,"Medical Instruments & Supplies",321
"ABBV",0,"Healthcare",-1,45,-8,5,"Included",4,11,4,280,1627,1731,,,26496,25414,24652,22941,"HoldTrim",0.4365829544873322,0.5,1.0,0.4,-0.015726043503821268,0.3,-0.9003546492224543,0.1,-0.8042808439860103,0.8,1.0,0.3,0.8,0.3,,,1.0,0.3,"Drug Manufacturers - General",360
"KO",0,"Consumer Defensive",-20,50,5,1,"Included",9,11,4,342,2583,2483,1084,4205,9110,8749,8491,7877,"HoldTrim",0.010484612517342883,0.5,1.0,0.4,-0.7484224965706447,0.3,-0.9784928216300766,0.1,-0.9055903815218764,0.8,1.0,0.3,0.8,0.3,,,1.0,0.3,"Beverages - Non - Alcoholic",133
"OKE",0,"Energy",-38,24,-6,15,"Included",-1,11,4,715,1483,1197,256,1628,9333,9239,9080,8521,"HoldTrim",-0.1735998662825031,0.5,0.9666666666666668,0.4,0.43008034489515956,0.3,-0.2556468243628219,0.1,-0.381368728017401,0.8,1.0,0.3,,,,,0.9466666666666668,0.3,"Oil & Gas Midstream",153
"CTSH",0,"Technology",33,12,-34,-3,"Included",16,11,4,809,980,716,193,1492,6187,5634,5280,5915,"HoldTrim",0.46883134605817056,0.5,0.7577777777777777,0.4,0.9392416225749559,0.3,-0.533693141858585,0.1,-0.860272894007344,0.8,0.8,0.3,,,0.7,0.2,1.0,0.3,"Information Technology Services",795
"WSM",0,"Consumer Cyclical",13,45,-40,15,"Included",7,11,4,1470,2302,1747,1496,5401,23758,23920,22992,20941,"HoldTrim",0.2765105663226804,0.5,-0.711111111111111,0.4,-0.5374681559866745,0.3,-0.26263910434803306,0.1,-0.2957480660296938,0.8,0.5999999999999999,0.3,,,0.7,0.2,0.7594444184209617,0.3,"Specialty Retail",317
"CAG",0,"Consumer Defensive",13,15,-71,-1,"Included",16,11,4,-49,1059,868,124,-2506,1643,1536,1482,1577,"HoldTrim",-0.07945426410496953,0.5,1.0,0.4,0.9649225945522243,0.3,-0.2520420291922218,0.1,-0.6630182581662072,0.8,0.8,0.3,0.8,0.3,,,0.1937382997224567,0.3,"Packaged Foods",1092
"WYNN",1,"Consumer Cyclical",-5,1,58,8,"Included",3,10,4,1005,1942,1088,,,10028,10068,10053,10618,"HoldTrim",0.18715244801150066,0.5,0.3222222222222222,0.4,0.3649617871840094,0.3,0.18062235482386435,0.1,0.35957074977294917,0.8,-1.0,0.3,,,0.7,0.2,0.05329713728779795,0.3,"Resorts & Casinos",461
"FSLR",1,"Technology",38,-20,-1,30,"Included",-6,10,4,1746,927,901,223,1851,21428,22359,22776,22773,"HoldTrim",0.5586275313537278,0.5,-1.0,0.4,0.8003429355281209,0.3,0.3624071282044379,0.1,0.6158001748305566,0.8,-0.8,0.3,,,0.7,0.2,0.5321922751326669,0.3,"Solar",694
"SRE",1,"Utilities",-22,-45,41,43,"Included",-19,10,4,576,1496,1727,166,668,8289,8695,8918,9032,"HoldTrim",-0.7816993464052286,0.5,1.0,0.4,0.3127572016460904,0.3,,,0.7860494135830202,0.8,-1.0,0.3,0.8,0.3,,,1.0,0.3,"Utilities - Diversified",-5103
"BLK",0,"Financial Services",-42,32,29,-1,"Included",25,10,4,1425,1798,1684,311,1228,115655,113002,109027,107020,"HoldTrim",0.4492031638105731,0.5,-0.6111111111111112,0.4,-0.015863217715069586,0.3,-0.6208880201137397,0.1,-0.5487583040085592,0.8,1.0,0.3,,,,,0.6400000000000001,0.3,"Asset Management",
"LDOS",0,"Technology",18,7,-27,-5,"Included",13,10,4,546,1106,992,336,2778,14139,13373,12668,14681,"HoldTrim",0.423910685564708,0.5,1.0,0.4,0.493827160493827,0.3,-0.3267626480324717,0.1,-0.558852707221689,0.8,2.220446049250313E-16,0.3,,,0.7,0.2,0.7975261328256407,0.3,"Information Technology Services",646
"AMCR",0,"Consumer Cyclical",6,36,-10,-5,"Included",12,10,4,593,1080,1032,190,940,4859,4636,4455,4270,"HoldTrim",0.18014010406966213,0.5,1.0,0.4,0.7501665686850872,0.3,-0.8732188637244112,0.1,-0.779611235146514,0.8,1.0,0.3,,,0.7,0.2,0.5619349748709834,0.3,"Packaging & Containers",669
"LH",0,"Healthcare",-11,36,0,0,"Included",5,10,4,843,1700,1465,316,1173,33634,31707,29900,27859,"HoldTrim",-0.03496225126019955,0.5,0.6822222222222223,0.4,0.11763668430335086,0.3,-0.39414809279226914,0.1,-1.0,0.8,1.0,0.3,0.8,0.3,,,1.0,0.3,"Diagnostics & Research",327
"TGT",0,"Consumer Defensive",23,60,-46,-3,"Included",22,10,4,973,1741,1031,421,2641,16544,15128,14282,12382,"HoldTrim",0.40750547290608463,0.5,0.3933333333333333,0.4,0.1415735841661768,0.3,-0.999638839229283,0.1,-1.0,0.8,1.0,0.3,0.8,0.3,,,1.0,0.3,"Discount Stores",
"COHR",1,"Technology",-36,-4,39,37,"Included",-10,9,4,2107,2076,4117,520,798,28952,31196,32084,27426,"HoldTrim",-0.6834252093438339,0.5,-1.0,0.4,-0.6093278463648835,0.3,,,0.30608288555701274,0.8,0.0,0.3,,,0.7,0.2,1.0,0.3,"Scientific & Technical Instruments",-115
"CIEN",1,"Technology",-45,2,16,27,"Included",0,9,4,1315,4093,7178,1938,1546,39579,40747,42437,37145,"HoldTrim",0.013442525774221127,0.5,-0.3666666666666667,0.4,-1.0,0.3,-0.07805161520078086,0.1,0.29596805501468604,0.8,0.0,0.3,,,0.7,0.2,0.5333333333333332,0.3,"Communication Equipment",125
"INTU",0,"Technology",26,2,-12,-2,"Included",7,9,4,959,1345,1568,488,2250,36700,33548,32338,41847,"HoldTrim",0.4139660762655603,0.5,0.4244444444444444,0.4,-0.15798549872623943,0.3,-0.4172437291877983,0.1,-0.5387894772299796,0.8,2.220446049250313E-16,0.3,,,0.7,0.2,1.0,0.3,"Software - Application",521
"ALB",0,"Basic Materials",42,4,-8,9,"Included",3,9,4,1317,1245,1333,210,265,14325,13025,13573,14322,"HoldTrim",0.056185074288163106,0.5,-0.37111111111111117,0.4,0.5086027826768568,0.3,-0.615408396710567,0.1,-0.4003781102478653,0.8,0.8,0.3,,,,,1.0,0.3,"Specialty Chemicals",789
"LRCX",0,"Technology",-12,18,2,19,"Included",-1,9,4,1865,2717,4530,3150,6507,31400,31748,31922,26232,"HoldTrim",0.06561237299187044,0.5,-1.0,0.4,-0.7851851851851852,0.3,-0.25274430881296894,0.1,0.06737007153014433,0.8,0.0,0.3,,,0.7,0.2,0.6400000000000001,0.3,"Semiconductor Equipment & Materials",79
"URI",0,"Industrials",-11,47,5,19,"Included",0,9,4,1799,1921,1783,742,2890,109851,111759,108547,97300,"HoldTrim",0.07689433055188839,0.5,-1.0,0.4,-0.45198902606310015,0.3,-0.17443227373321335,0.1,-0.17933592271863097,0.8,0.5999999999999999,0.3,,,,,1.0,0.3,"Rental & Leasing Services",250
"LNT",0,"Utilities",-13,-39,23,40,"Included",-8,9,4,539,1841,1623,234,1114,6786,7058,7200,7094,"HoldTrim",-0.6359477124183005,0.5,1.0,0.4,0.14720752498530282,0.3,,,0.7342582394839791,0.8,-0.8,0.3,0.8,0.3,,,0.6873832030420526,0.3,"Utilities - Regulated Electric",-647
"IFF",0,"Basic Materials",-43,54,16,-1,"Included",16,9,4,943,2131,1426,154,-555,8428,8230,7991,7460,"HoldTrim",-1.0,0.5,0.45999999999999996,0.4,0.32002743484224977,0.3,,,-0.5185312637235888,0.8,1.0,0.3,,,,,0.3171524149119005,0.3,"Specialty Chemicals",-800
"ATO",0,"Utilities",2,-42,3,41,"Included",8,9,4,602,1850,1448,185,979,16685,17140,17346,17503,"HoldTrim",-0.6800653594771242,0.5,1.0,0.4,0.3280717225161669,0.3,,,0.727216544804043,0.8,-1.0,0.3,0.8,0.3,,,1.0,0.3,"Utilities - Regulated Gas",-788
"WTW",0,"Financial Services",-6,25,5,-16,"Included",12,9,4,418,1494,1324,414,1976,34199,32882,30888,30121,"HoldTrim",0.38854737334156525,0.5,1.0,0.4,0.06727415245933738,0.3,-0.7006083292112362,0.1,-0.9376681255361985,0.8,1.0,0.3,,,,,0.8253690385642523,0.3,"Insurance Brokers",
"O",0,"Real Estate",-7,-9,4,31,"Included",2,9,4,720,3949,1724,150,323,6260,6302,6308,6197,"HoldTrim",-0.4236876973767504,0.5,0.9555555555555557,0.4,-0.2058201058201059,0.3,,,0.14180765910569554,0.8,0.0,0.3,0.8,0.3,,,0.8533333333333333,0.3,"REIT - Retail",
"WAT",0,"Healthcare",-65,58,8,16,"Included",3,9,4,1184,2479,3119,264,192,41070,40032,38403,35480,"HoldTrim",-0.829562561221851,0.5,-0.0755555555555556,0.4,-0.28285322359396425,0.3,,,-0.6715587239977747,0.8,1.0,0.3,0.8,0.3,,,1.0,0.3,"Diagnostics & Research",-35
"AAPL",0,"Technology",-7,18,-27,21,"Included",-4,9,4,1086,3243,2701,4203,14875,30935,31204,30938,28424,"HoldTrim",0.2601670453676301,0.5,0.14222222222222225,0.4,-0.9294924554183814,0.3,-0.14418549843753714,0.1,-0.03286897564318695,0.8,0.0,0.3,,,0.7,0.2,1.0,0.3,"Consumer Electronics",239
"SWK",0,"Industrials",20,54,-11,-5,"Included",20,9,4,1172,1568,1101,173,689,10002,9861,9330,8323,"HoldTrim",0.2773672681266652,0.5,-0.04888888888888898,0.4,0.6112580834803057,0.3,-0.5746914830021452,0.1,-0.6150114885155036,0.8,1.0,0.3,,,,,0.530833887753799,0.3,"Tools & Accessories",939
"CPB",0,"Consumer Defensive",2,4,-86,8,"Included",4,9,4,8,1247,826,177,1539,2395,2295,2249,2442,"HoldTrim",0.31596559139784935,0.5,1.0,0.4,0.8374191651969429,0.3,-0.4818363880649986,0.1,-0.19475892381715235,0.8,2.220446049250313E-16,0.3,0.8,0.3,,,0.44000000000000017,0.3,"Packaged Foods",
"TSN",0,"Consumer Defensive",3,-23,-6,23,"Included",2,8,4,378,1306,1008,114,326,5848,5812,5871,5971,"HoldTrim",-0.12528332344037926,0.5,1.0,0.4,0.8416029786400157,0.3,-0.043644717182428884,0.1,0.14159162197032157,0.8,-0.6000000000000001,0.3,0.8,0.3,,,1.0,0.3,"Farm Products",579
"WM",0,"Industrials",-14,-16,28,15,"Included",-8,8,4,437,2457,1445,903,2984,22406,22688,22737,22551,"HoldTrim",0.11270759237011041,0.5,1.0,0.4,-0.4202038016852832,0.3,0.15238844234605864,0.1,0.2249444579099972,0.8,-0.8,0.3,,,,,1.0,0.3,"Waste Management",262
"ICE",0,"Financial Services",-29,21,15,-10,"Included",19,8,4,930,1832,1640,310,1409,16125,15256,14819,15432,"HoldTrim",0.14066432277273752,0.5,0.48888888888888893,0.4,-5.878894767799261E-5,0.3,-0.7475591194268107,0.1,-0.7856932086369176,0.8,0.8,0.3,,,,,1.0,0.3,"Financial Data & Stock Exchanges",401
"WEC",0,"Utilities",-2,-40,5,43,"Included",4,8,4,462,1767,1462,,1199,10601,10976,11152,11214,"HoldTrim",-0.6081699346405228,0.5,1.0,0.4,0.1401528512639622,0.3,,,0.7831356454979645,0.8,-1.0,0.3,0.8,0.3,,,1.0,0.3,"Utilities - Regulated Electric",-681
"AJG",0,"Financial Services",-49,14,-6,6,"Included",-1,8,4,502,1772,1874,285,672,26381,25308,24435,24185,"HoldTrim",-0.07793407413256959,0.5,1.0,0.4,-0.06111111111111104,0.3,-0.2507828792232898,0.1,-0.5091395888329375,0.8,1.0,0.3,,,,,0.7999999999999998,0.3,"Insurance Brokers",
"RF",0,"Financial Services",-2,41,-13,7,"Included",1,8,4,1012,1070,,148,1187,3041,3113,3054,2863,"HoldTrim",0.6594444444444445,0.5,0.30666666666666664,0.4,0.9777777777777777,0.3,0.17992276952059427,0.1,0.008019827634764892,0.8,0.0,0.3,,,,,0.3009802972978939,0.3,"Banks - Regional",
"HLT",0,"Consumer Cyclical",-39,4,3,31,"Included",6,8,4,1063,3124,2803,,,32663,32476,32597,31287,"HoldTrim",0.14031023907963155,0.5,0.19333333333333336,0.4,-0.8452674897119341,0.3,-0.4454834180709053,0.1,-0.10231985208115955,0.8,1.0,0.3,,,0.7,0.2,1.0,0.3,"Lodging",190
"FTV",0,"Technology",-3,1,-21,10,"Included",3,8,4,976,1849,1732,300,732,6008,6063,6071,5782,"HoldTrim",0.09743742184714632,0.5,0.3866666666666667,0.4,-0.03488144228884968,0.3,-0.1475801690484838,0.1,-0.015562783113870493,0.8,0.0,0.3,,,0.7,0.2,0.2734692645633132,0.3,"Scientific & Technical Instruments",518
"MTD",0,"Healthcare",-28,33,-7,22,"Included",-8,8,4,1224,2699,2355,218008,,139525,139656,133901,130432,"HoldTrim",-0.2117363474203504,0.5,-0.1644444444444444,0.4,-0.780246913580247,0.3,-0.11141310942283962,0.1,-0.32771487539467953,0.8,0.5999999999999999,0.3,0.8,0.3,,,1.0,0.3,"Diagnostics & Research",248
"SWKS",0,"Technology",21,3,-44,37,"Included",-2,8,4,1510,1350,1134,176,509,6714,6681,6620,6647,"HoldTrim",-0.13952926796522133,0.5,-0.8,0.4,0.6480501665686849,0.3,-0.056582464449755676,0.1,0.08541309044870925,0.8,0.8,0.3,,,0.7,0.2,1.0,0.3,"Semiconductors",444
"GRMN",0,"Technology",-3,53,-28,10,"Included",-1,8,4,874,2684,2355,630,2189,29485,29262,27291,24635,"HoldTrim",0.1340699550693927,0.5,0.6133333333333333,0.4,-0.7761316872427984,0.3,-0.4877495069416926,0.1,-0.6224186106325756,0.8,1.0,0.3,,,0.7,0.2,1.0,0.3,"Scientific & Technical Instruments",184
"MPC",0,"Energy",33,56,-56,-17,"Included",33,8,4,508,1120,873,535,4210,36072,33518,30676,24790,"HoldTrim",0.542517637171576,0.5,1.0,0.4,0.24924554183813438,0.3,-0.8376668945350847,0.1,-1.0,0.8,1.0,0.3,,,,,1.0,0.3,"Oil & Gas Refining & Marketing",913
"DECK",1,"Consumer Cyclical",62,-60,-4,28,"Included",-9,7,4,1167,1096,857,545,4256,9168,9501,9934,10318,"HoldTrim",0.5585865846127338,0.5,-0.03777777777777769,0.4,0.2642955124436605,0.3,0.43154405689774533,0.1,0.610737003120056,0.8,-1.0,0.3,,,0.7,0.2,0.5852722912645087,0.3,"Footwear & Accessories",698
"FIS",0,"Technology",16,-32,-14,32,"Included",-8,7,4,813,617,1187,134,2235,4134,4215,4233,4952,"HoldTrim",0.6956457938013915,0.5,0.7488888888888889,0.4,0.8486772486772485,0.3,0.4402813773024816,0.1,0.5513112790287764,0.8,-1.0,0.3,,,0.7,0.2,1.0,0.3,"Information Technology Services",1244
"TXN",0,"Technology",-14,3,6,37,"Included",5,7,4,1325,2515,2610,1340,3518,26436,27699,28207,25021,"HoldTrim",0.05852759274314698,0.5,-0.38888888888888884,0.4,-0.7297668038408779,0.3,0.4137962638393269,0.1,0.3679125083873674,0.8,0.0,0.3,,,0.7,0.2,0.8799999999999999,0.3,"Semiconductors",147
"RCL",0,"Consumer Cyclical",-15,2,13,25,"Included",0,7,4,1779,1440,1458,763,4467,29200,30392,30024,29686,"HoldTrim",-0.3425830388099355,0.5,-1.0,0.4,-0.1480697628845778,0.3,,,0.3909519877706385,0.8,-0.8,0.3,,,0.7,0.2,0.7866666666666666,0.3,"Travel Services",-194
"CRM",0,"Technology",2,13,-14,-3,"Included",5,7,4,1152,1348,1567,500,1691,20917,19267,18341,19686,"HoldTrim",0.6276036597930421,0.5,-0.004444444444444473,0.4,-0.18050166568685103,0.3,-0.6147953144361091,0.1,-0.7357194791210007,0.8,0.8,0.3,,,0.7,0.2,0.6799999999999999,0.3,"Software - Application",
"UPS",0,"Industrials",38,-20,-12,21,"Included",-10,7,4,1038,1263,922,576,2960,10201,10515,10669,10326,"HoldTrim",0.4759743826587636,0.5,0.24888888888888894,0.4,0.18408779149519908,0.3,0.3424947520799815,0.1,0.4371222398915309,0.8,-0.8,0.3,,,,,0.7200000000000002,0.3,"Integrated Freight & Logistics",640
"SO",0,"Utilities",19,-48,-12,44,"Included",-8,7,4,327,1806,1257,259,1148,8894,9271,9370,9360,"HoldTrim",-0.6248366013071895,0.5,1.0,0.4,0.30416421712718017,0.3,,,0.760600640882331,0.8,-0.8,0.3,0.8,0.3,,,1.0,0.3,"Utilities - Regulated Electric",-382
"HSIC",0,"Healthcare",-8,51,-12,8,"Included",-4,7,4,808,1475,1397,314,885,8850,8817,8544,7872,"HoldTrim",-0.006891449469740666,0.5,0.76,0.4,0.21904761904761882,0.3,-0.23346741520555023,0.1,-0.44149365579601385,0.8,1.0,0.3,0.8,0.3,,,-0.019046604119252075,0.3,"Medical Distribution",452
"EMR",0,"Industrials",0,50,-19,11,"Included",-1,7,4,1235,2173,1640,430,1280,15726,15598,15001,14243,"HoldTrim",0.2379833567562998,0.5,-0.18888888888888888,0.4,-0.31583382324123066,0.3,-0.4838532032915672,0.1,-0.4157446801691578,0.8,1.0,0.3,,,,,0.9066666666666667,0.3,"Specialty Industrial Machinery",423
"DRI",0,"Consumer Cyclical",-4,40,-24,2,"Included",0,7,4,585,1789,1565,1145,5372,22160,21560,20944,20294,"HoldTrim",0.1762519410793991,0.5,1.0,0.4,-0.30043111894963753,0.3,-0.6902028153647368,0.1,-0.5807502531991282,0.8,1.0,0.3,,,0.7,0.2,0.40887229493104016,0.3,"Restaurants",314
"LYB",0,"Basic Materials",5,13,-51,-7,"Included",9,7,4,347,1052,942,204,-227,6753,6326,6236,6122,"HoldTrim",-0.3213797443309452,0.5,1.0,0.4,0.7795414462081132,0.3,-0.27222255372593646,0.1,-0.5801138898813948,0.8,1.0,0.3,,,,,0.22976141415258877,0.3,"Specialty Chemicals",563
"L",0,"Financial Services",0,-3,,37,"Included",3,7,3,518,,800,117,931,10983,11330,11298,10843,"HoldTrim",0.015890190301791247,0.5,1.0,0.4,1.0,0.3,0.6346578160183476,0.1,0.4597604146225351,0.8,0.0,0.3,,,,,0.735027016649173,0.3,"Insurance - Property & Casualty",
"HUBB",0,"Industrials",-20,-20,22,23,"Included",-15,6,4,899,2055,1980,635,2444,47003,49139,49265,48416,"HoldTrim",0.11705724759678533,0.5,0.5577777777777777,0.4,-0.5929845189104448,0.3,0.40253857356609224,0.1,0.49480851038836093,0.8,-0.8,0.3,,,,,0.6567708805233337,0.3,"Electrical Equipment & Parts",200
"CPRT",0,"Industrials",18,8,-11,-10,"Included",13,6,4,1014,2010,1387,357,1761,3380,3087,3039,3476,"HoldTrim",0.5349925697431624,0.5,0.30222222222222217,0.4,-0.002067411326670666,0.3,-0.46912898488876387,0.1,-0.5186010773687022,0.8,2.220446049250313E-16,0.3,,,,,1.0,0.3,"Specialty Business Services",320
"AEP",0,"Utilities",-14,-32,15,41,"Included",-8,6,4,507,1765,1329,205,1013,12094,12671,12908,12681,"HoldTrim",-0.668954248366013,0.5,1.0,0.4,0.3773172643543015,0.3,,,0.6532328527741371,0.8,-0.8,0.3,0.8,0.3,,,1.0,0.3,"Utilities - Regulated Electric",-911
"PNR",0,"Industrials",21,-75,-6,35,"Included",-7,6,4,1030,1246,1155,274,1713,6440,6615,6924,8400,"HoldTrim",0.369271722086011,0.5,0.2666666666666666,0.4,0.4839898099157358,0.3,0.5138926826145471,0.1,0.7019620198360066,0.8,-1.0,0.3,,,,,1.0,0.3,"Specialty Industrial Machinery",543
"ETR",0,"Utilities",-20,-18,16,33,"Included",-11,6,4,486,2053,1443,268,1025,10462,10831,11003,10586,"HoldTrim",-0.6650326797385622,0.5,1.0,0.4,0.1213207916911622,0.3,,,0.4726108890347097,0.8,-0.8,0.3,0.8,0.3,,,0.9234318681394655,0.3,"Utilities - Regulated Electric",-901
"JBHT",0,"Industrials",-3,15,-18,8,"Included",-2,6,4,1297,2723,1629,707,1845,27545,27584,27437,23780,"HoldTrim",0.2084648042814616,0.5,-0.32666666666666666,0.4,-0.5905349794238682,0.3,-0.4418558794156703,0.1,-0.1997886984636014,0.8,0.5999999999999999,0.3,,,,,0.5537006830120337,0.3,"Integrated Freight & Logistics",349
"FOXA",0,"Communication Services",1,45,-24,-4,"Included",5,6,4,541,1175,832,247,1429,6854,6390,6111,6146,"HoldTrim",-0.15324708852397326,0.5,1.0,0.4,0.7243680188124633,0.3,-0.2646904539784568,0.1,-0.9064781969084663,0.8,0.8,0.3,,,0.7,0.2,1.0,0.3,"Entertainment",193
"OXY",0,"Energy",9,58,-15,-9,"Included",13,6,4,160,1606,588,183,1063,6130,5802,5642,5292,"HoldTrim",0.03253230896117793,0.5,1.0,0.4,0.8473936899862825,0.3,-0.7880072050450387,0.1,-0.7457210393676741,0.8,1.0,0.3,,,,,0.7466666666666668,0.3,"Oil & Gas E&P",618
"TRGP",0,"Energy",-42,28,9,-10,"Included",13,6,4,716,2476,1523,2048,7084,29910,27943,27248,23877,"HoldTrim",-0.20228291125380296,0.5,0.9644444444444444,0.4,-0.4666862629825592,0.3,-0.37546599057041297,0.1,-0.9142217646301302,0.8,1.0,0.3,,,,,1.0,0.3,"Oil & Gas Midstream",10
"AMGN",0,"Healthcare",10,56,-60,-3,"Included",10,6,4,413,1801,1626,2032,9147,43933,41069,38683,35257,"HoldTrim",0.32412743130393956,0.5,1.0,0.4,-0.3359984322947287,0.3,-0.9139803465755175,0.1,-1.0,0.8,1.0,0.3,0.8,0.3,,,1.0,0.3,"Drug Manufacturers - General",364
"GLW",1,"Technology",-58,-5,16,36,"Included",-6,5,4,1148,3468,3342,1081,1681,14984,15838,16585,14558,"HoldTrim",-0.20099254410697795,0.5,0.004444444444444473,0.4,-0.9912208504801097,0.3,0.044866861799658514,0.1,0.4499780052150742,0.8,0.0,0.3,,,0.7,0.2,0.6933333333333334,0.3,"Electronic Components",57
"SATS",0,"Communication Services",-62,-2,12,1,"Included",0,5,4,963,-91154,3573,534,-11228,9203,9203,9203,9203,"HoldTrim",-0.9619345029415372,0.5,0.4155555555555557,0.4,-1.0,0.3,,,-0.1393792546440521,0.8,-1.0,0.3,,,0.7,0.2,0.9900023065706918,0.3,"Telecom Services",-152
"HPE",0,"Technology",2,56,-3,7,"Included",-1,5,4,1436,1324,1542,280,632,5345,5309,4883,3596,"HoldTrim",-0.04562479526366162,0.5,-0.6355555555555557,0.4,0.2467176170879875,0.3,-0.1811781435573265,0.1,-0.5525102388454044,0.8,1.0,0.3,,,0.7,0.2,0.5333333333333332,0.3,"Communication Equipment",542
"XEL",0,"Utilities",-26,-30,30,36,"Included",-21,5,4,405,1680,1426,200,992,7630,7856,7901,7865,"HoldTrim",-0.6758169934640523,0.5,1.0,0.4,0.3585733882030178,0.3,,,0.5212244668621487,0.8,-0.8,0.3,0.8,0.3,,,1.0,0.3,"Utilities - Regulated Electric",-1659
"MGM",0,"Consumer Cyclical",-15,3,-3,13,"Included",-1,5,4,1296,2114,1755,438,1892,4374,4433,4459,4083,"HoldTrim",0.41788540644146954,0.5,-0.32444444444444454,0.4,-0.37530864197530855,0.3,0.08127458208347504,0.1,0.16558427457324745,0.8,0.0,0.3,,,0.7,0.2,-0.0867254055852722,0.3,"Resorts & Casinos",785
"LIN",0,"Basic Materials",-16,-27,8,10,"Included",-9,5,4,726,2491,1805,575,1840,48757,48944,49921,48975,"HoldTrim",0.025863566321309397,0.5,0.9422222222222221,0.4,-0.6200078385263572,0.3,-0.09605917550040033,0.1,0.1522422805122382,0.8,-0.8,0.3,,,,,1.0,0.3,"Specialty Chemicals",185
"NOW",0,"Technology",-30,10,-12,7,"Included",-7,5,4,930,2567,4716,1061,1424,12848,12008,11301,12188,"HoldTrim",0.27216256993857,0.5,0.48888888888888893,0.4,-0.7440329218106997,0.3,-0.42139740984145413,0.1,-0.5865410159458612,0.8,0.8,0.3,,,0.7,0.2,0.8933333333333333,0.3,"Software - Application",388
"CRWD",0,"Technology",-35,63,-12,32,"Included",-16,5,4,1234,12247,323277,4218,-25,19195,20416,19174,15034,"HoldTrim",-0.3434609626123274,0.5,-0.18666666666666676,0.4,-1.0,0.3,,,-5.231752884203732E-4,0.8,0.5999999999999999,0.3,,,0.7,0.2,0.9199999999999999,0.3,"Software - Infrastructure",99
"COP",0,"Energy",-4,61,-1,-18,"Included",3,5,4,123,1427,663,248,1418,13487,12459,11966,11227,"HoldTrim",0.05723796137244126,0.5,1.0,0.4,0.7427983539094651,0.3,-0.9635088217791188,0.1,-1.0,0.8,1.0,0.3,,,,,1.0,0.3,"Oil & Gas E&P",475
"ESS",0,"Real Estate",-29,20,-22,19,"Included",-16,5,4,708,4687,2068,349,771,28900,28712,28560,27201,"HoldTrim",0.13202687091965296,0.5,0.9822222222222221,0.4,-0.7203703703703704,0.3,-0.5121683824409983,0.1,-0.2219787668985319,0.8,1.0,0.3,0.8,0.3,,,0.25882418833056686,0.3,"REIT - Residential",
"DHR",0,"Healthcare",-44,28,-8,5,"Included",-4,5,4,796,2354,2209,293,761,21885,20411,19732,19850,"HoldTrim",-0.15280678640134013,0.5,0.7866666666666666,0.4,-0.30226337448559676,0.3,-0.31332238553442904,0.1,-0.8008671095611878,0.8,0.8,0.3,0.8,0.3,,,1.0,0.3,"Diagnostics & Research",281
"ED",0,"Utilities",41,-25,-33,29,"Included",-21,5,4,263,1639,1074,153,896,10635,10871,10921,10732,"HoldTrim",-0.7071895424836602,0.5,1.0,0.4,0.6431020968058007,0.3,,,0.34419163863379965,0.8,-0.8,0.3,0.8,0.3,,,1.0,0.3,"Utilities - Regulated Electric",-215
"BEN",0,"Financial Services",2,45,-25,15,"Included",-4,5,4,1574,1084,1167,148,789,3431,3383,3308,2933,"HoldTrim",-0.7421568627450981,0.5,-0.9422222222222223,0.4,0.7554183813443072,0.3,,,-0.459676263441281,0.8,1.0,0.3,,,,,1.0,0.3,"Asset Management",
"DXCM",0,"Healthcare",4,31,0,-7,"Included",4,5,4,1410,2955,2444,1329,3849,9234,8589,7966,7291,"HoldTrim",0.23029927233390984,0.5,-0.5777777777777777,0.4,-0.850480109739369,0.3,-0.8411177051827943,0.1,-1.0,0.8,1.0,0.3,0.8,0.3,,,0.6637576124628182,0.3,"Medical Devices",293
"AFL",0,"Financial Services",15,-13,-39,46,"Included",-8,5,4,595,1535,1079,192,1691,11607,12131,12098,11568,"HoldTrim",0.8598039215686274,0.5,1.0,0.4,0.5967666078777191,0.3,0.7012847367769155,0.1,0.5896935158240968,0.8,0.0,0.3,,,,,1.0,0.3,"Insurance - Life",
"A",0,"Healthcare",-12,42,7,-3,"Included",7,5,4,1229,2406,2315,630,2133,15900,14696,13931,13074,"HoldTrim",0.19903238890862096,0.5,-0.17555555555555546,0.4,-0.6998628257887517,0.3,-0.9785560099977278,0.1,-1.0,0.8,1.0,0.3,0.8,0.3,,,1.0,0.3,"Diagnostics & Research",207
"DGX",0,"Healthcare",-5,51,-7,-3,"Included",0,5,4,548,2027,1462,358,1460,24439,23426,22271,20257,"HoldTrim",0.036525879074936145,0.5,1.0,0.4,-0.048265726043503765,0.3,-0.9871737509321403,0.1,-1.0,0.8,1.0,0.3,0.8,0.3,,,1.0,0.3,"Diagnostics & Research",337
"TMO",0,"Healthcare",-35,40,0,-4,"Included",3,5,4,847,2287,2311,442,1352,62927,58878,55451,52544,"HoldTrim",0.04929666714786599,0.5,0.6733333333333333,0.4,-0.5598079561042524,0.3,-0.9477591811819485,0.1,-1.0,0.8,1.0,0.3,0.8,0.3,,,0.9333333333333333,0.3,"Diagnostics & Research",268
"ADBE",0,"Technology",63,13,-67,10,"Included",6,5,4,1397,1001,1140,954,6295,27530,25869,24657,26803,"HoldTrim",0.6904278605177953,0.5,-0.548888888888889,0.4,0.14062316284538492,0.3,-0.5227463833982884,0.1,-0.5509125250637609,0.8,0.8,0.3,,,0.7,0.2,1.0,0.3,"Software - Application",842
"MRK",0,"Healthcare",-3,60,-26,0,"Included",0,5,4,211,1599,1466,898,696,15255,13630,12965,11595,"HoldTrim",-0.04728344626371111,0.5,1.0,0.4,-0.1959239662943367,0.3,-0.39252613685067206,0.1,-1.0,0.8,1.0,0.3,0.8,0.3,,,1.0,0.3,"Drug Manufacturers - General",403
"WDAY",0,"Technology",23,7,-46,-5,"Included",8,5,4,1054,1582,3231,745,1086,20001,17985,16050,16245,"HoldTrim",0.32588212744142625,0.5,0.21333333333333337,0.4,-0.4737997256515776,0.3,-0.6075677171121414,0.1,-0.8891265397894925,0.8,0.8,0.3,,,0.7,0.2,1.0,0.3,"Software - Application",631
"ORCL",1,"Technology",-4,-65,39,30,"Included",-13,4,4,1718,1342,1846,1123,5338,14647,14325,14871,17608,"HoldTrim",-0.3464052287581699,0.5,-1.0,0.4,-0.3264746227709191,0.3,,,0.39118897585624773,0.8,-0.6000000000000001,0.3,,,0.7,0.2,0.9333333333333333,0.3,"Software - Infrastructure",-582
"GNRC",1,"Industrials",-3,-20,25,15,"Included",-7,4,4,1925,1743,2089,422,949,20598,21369,22475,21710,"HoldTrim",-0.17392764535062344,0.5,-1.0,0.4,-0.373525377229081,0.3,0.06682298362843779,0.1,0.4644584304283394,0.8,-0.8,0.3,,,,,0.4008082898649117,0.3,"Specialty Industrial Machinery",238
"CHTR",0,"Communication Services",35,-20,-61,26,"Included",-18,4,4,678,341,546,106,2720,15017,14767,14650,18265,"HoldTrim",0.36534968744268287,0.5,1.0,0.4,1.0,0.3,-0.05307000532468886,0.1,0.1521096498710491,0.8,2.220446049250313E-16,0.3,,,0.7,0.2,0.8387159703970573,0.3,"Telecom Services",1086
"PEP",0,"Consumer Defensive",13,-19,-21,27,"Included",-12,4,4,361,1598,1263,887,5151,14348,14018,14118,14688,"HoldTrim",0.2990995276883264,0.5,1.0,0.4,-0.08824221046443265,0.3,-0.42580012649516097,0.1,0.06591550197759477,0.8,2.220446049250313E-16,0.3,0.8,0.3,,,1.0,0.3,"Beverages - Non - Alcoholic",400
"LLY",0,"Healthcare",-16,60,-12,10,"Included",-9,4,4,506,2658,2793,3304,10229,125540,120734,116964,104026,"HoldTrim",0.02061608945111648,0.5,1.0,0.4,-0.7689986282578876,0.3,-0.840311203046779,0.1,-0.7010279394922483,0.8,1.0,0.3,0.8,0.3,,,1.0,0.3,"Drug Manufacturers - General",99
"BX",0,"Financial Services",2,17,-29,6,"Included",-1,4,4,1546,1914,,1272,3137,14338,13859,13162,13361,"HoldTrim",0.49758454106280214,0.5,-0.8799999999999999,0.4,-0.3473251028806585,0.3,-0.3822029023282164,0.1,-0.39240117706519523,0.8,0.8,0.3,,,,,0.7200000000000002,0.3,"Asset Management",
"ARE",0,"Real Estate",-2,0,-29,17,"Included",1,4,4,1169,-6604,1439,59,-408,5349,4995,4997,5390,"HoldTrim",0.11164016712677527,0.5,-0.04222222222222216,0.4,0.5563492063492064,0.3,-0.3545942946451809,0.1,-0.18806098698220375,0.8,2.220446049250313E-16,0.3,0.8,0.3,,,1.0,0.3,"REIT - Office",
"KEY",0,"Financial Services",-2,-6,-19,25,"Included",0,3,4,1032,1024,,136,1033,2187,2264,2261,2140,"HoldTrim",0.573888888888889,0.5,0.26222222222222236,0.4,1.0,0.3,0.4114438876665272,0.1,0.26405033954331014,0.8,0.0,0.3,,,,,0.6043885010952503,0.3,"Banks - Regional",
"KMI",0,"Energy",-63,-10,7,32,"Included",-6,3,4,554,2015,1343,218,1099,3098,3187,3198,3097,"HoldTrim",-0.33684579426687183,0.5,1.0,0.4,0.2772486772486773,0.3,,,0.278297518526232,0.8,0.0,0.3,,,,,1.0,0.3,"Oil & Gas Midstream",156
"DPZ",0,"Consumer Cyclical",-8,-5,-15,13,"Included",-1,3,4,951,1638,1589,,,34185,34224,33509,36176,"HoldTrim",0.42563230037868915,0.5,0.44222222222222207,0.4,0.09244562022339796,0.3,0.11838108782138557,0.1,0.12947100229191494,0.8,-0.6000000000000001,0.3,,,0.7,0.2,0.557621525821586,0.3,"Restaurants",470
"MAA",0,"Real Estate",-9,-24,-7,18,"Included",0,3,4,720,,1700,280,705,13131,13279,13340,13356,"HoldTrim",0.14369171758193633,0.5,0.9555555555555557,0.4,-0.15079365079365076,0.3,0.2553310012336658,0.1,0.2969990074313395,0.8,-1.0,0.3,0.8,0.3,,,0.571426713069451,0.3,"REIT - Residential",
"GPN",0,"Industrials",13,25,-43,-17,"Included",17,3,4,775,587,976,108,243,9349,8818,8214,7762,"HoldTrim",0.38660130718954255,0.5,0.8333333333333335,0.4,1.0,0.3,-0.8786541341990886,0.1,-1.0,0.8,1.0,0.3,,,,,1.0,0.3,"Specialty Business Services",3180
"PKG",0,"Consumer Cyclical",-14,46,-15,7,"Included",-9,3,4,807,1954,1310,480,1489,25279,25039,24197,22584,"HoldTrim",-0.1408867119015663,0.5,0.7622222222222224,0.4,-0.17374093670389965,0.3,-0.2151357532188321,0.1,-0.502075093726057,0.8,1.0,0.3,,,0.7,0.2,0.37633230936151696,0.3,"Packaging & Containers",192
"VRTX",0,"Healthcare",-6,52,-22,-3,"Included",-2,3,4,305,2492,2608,686,2354,54805,51325,49262,45916,"HoldTrim",0.17469178675740146,0.5,1.0,0.4,-0.7234567901234569,0.3,-0.9089913545844612,0.1,-0.9947020891610258,0.8,1.0,0.3,0.8,0.3,,,0.9466666666666668,0.3,"Biotechnology",189
"NTRS",0,"Financial Services",-10,49,-16,16,"Included",-11,3,4,1259,1451,,269,1707,18390,18563,18079,16072,"HoldTrim",0.9483333333333334,0.5,-0.24222222222222212,0.4,0.4848765432098767,0.3,-0.2825248904285683,0.1,-0.22728933270913926,0.8,0.5999999999999999,0.3,,,,,1.0,0.3,"Asset Management",
"ACN",0,"Technology",43,7,-42,-4,"Included",6,3,4,1074,1263,875,355,2441,18528,17160,16491,19406,"HoldTrim",0.7068001010113981,0.5,0.16888888888888887,0.4,0.47747403488144224,0.3,-0.47475784505898067,0.1,-0.5833061833072455,0.8,2.220446049250313E-16,0.3,,,0.7,0.2,1.0,0.3,"Information Technology Services",1066
"FAST",0,"Industrials",-7,33,-43,-1,"Included",-4,3,4,712,3662,3021,1446,3433,5126,5018,4844,4650,"HoldTrim",0.17140398278906516,0.5,0.9733333333333334,0.4,-1.0,0.3,-0.6557607875388034,0.1,-0.6264872504494312,0.8,1.0,0.3,,,,,0.8133333333333332,0.3,"Industrial Distribution",156
"EXPD",0,"Industrials",29,61,-65,-17,"Included",26,3,4,1045,2369,1895,1153,4267,18781,18141,17419,15619,"HoldTrim",0.3551693282388741,0.5,0.2333333333333334,0.4,-0.6341563786008231,0.3,-0.8284735079386085,0.1,-0.8485540582658531,0.8,1.0,0.3,,,,,0.5963827963632695,0.3,"Integrated Freight & Logistics",327
"CVNA",0,"Consumer Cyclical",-16,21,-11,26,"Included",-14,2,4,3488,3098,2152,1248,5877,6991,6938,6850,7059,"HoldTrim",-0.02392336893397092,0.5,-1.0,0.4,-0.8897119341563786,0.3,-0.04724738291030635,0.1,0.09285968238069191,0.8,2.220446049250313E-16,0.3,,,0.7,0.2,1.0,0.3,"Auto & Truck Dealerships",41
"NFLX",0,"Communication Services",15,-14,-10,15,"Included",-11,2,4,1514,2083,2302,1099,4954,7959,7617,7673,8862,"HoldTrim",0.9385956936626653,0.5,-0.808888888888889,0.4,-0.6112482853223593,0.3,-0.34830991361844954,0.1,-0.03499384169097354,0.8,2.220446049250313E-16,0.3,,,0.7,0.2,0.7200000000000002,0.3,"Entertainment",766
"CSGP",0,"Real Estate",22,-29,-28,25,"Included",-22,2,4,731,1870,3293,165,89,3226,3113,3123,4500,"HoldTrim",-0.2720202385955311,0.5,0.931111111111111,0.4,0.06755829903978038,0.3,-0.06312012936327087,0.1,0.1830351012870114,0.8,2.220446049250313E-16,0.3,0.8,0.3,,,0.4576215667574266,0.3,"Real Estate Services",316
"IBKR",0,"Financial Services",-18,30,-6,7,"Included",-7,2,4,1343,2949,,716,2402,9387,9098,8995,8030,"HoldTrim",0.49758454106280214,0.5,-0.4288888888888889,0.4,-0.7732510288065844,0.3,-0.8726013400750791,0.1,-0.5021994696264862,0.8,1.0,0.3,,,,,1.0,0.3,"Capital Markets",
"NDAQ",0,"Financial Services",-43,34,-2,-4,"Included",-1,2,4,971,2100,1899,460,1652,9822,9523,9223,9033,"HoldTrim",0.2001097638947053,0.5,0.3977777777777778,0.4,-0.48839898099157353,0.3,-0.891388358179577,0.1,-0.7224860520603864,0.8,1.0,0.3,,,,,1.0,0.3,"Financial Data & Stock Exchanges",308
"GS",0,"Financial Services",-11,14,-31,27,"Included",-11,2,4,1288,1404,,287,1690,103928,103804,103480,94718,"HoldTrim",0.05797101449275366,0.5,-0.30666666666666664,0.4,0.45421810699588466,0.3,-0.3730520157229036,0.1,-0.115197069143963,0.8,1.0,0.3,,,,,1.0,0.3,"Capital Markets",
"AES",0,"Utilities",-33,7,-11,42,"Included",-6,2,4,952,621,1216,213,957,1477,1474,1471,1449,"HoldTrim",-0.6872549019607843,0.5,0.43999999999999995,0.4,0.687037037037037,0.3,,,0.0320674672775387,0.8,1.0,0.3,0.8,0.3,,,0.9416863393763932,0.3,"Utilities - Diversified",-2932
"ADM",0,"Consumer Defensive",-19,13,-38,30,"Included",-13,2,4,612,1413,1578,164,764,8030,8068,8003,7341,"HoldTrim",-0.2413634785191428,0.5,1.0,0.4,0.4180678032529884,0.3,-0.12166119407066073,0.1,-0.10744971134991028,0.8,0.5999999999999999,0.3,0.8,0.3,,,1.0,0.3,"Farm Products",301
"IT",0,"Technology",44,8,-44,-10,"Included",9,2,4,913,1191,1027,,11358,19590,17684,16308,17743,"HoldTrim",1.0,0.5,0.5266666666666666,0.4,0.7224279835390948,0.3,-0.48803683264413766,0.1,-0.8047547966655155,0.8,0.8,0.3,,,0.7,0.2,0.394797029365908,0.3,"Information Technology Services",851
"YUM",0,"Consumer Cyclical",-28,-19,5,22,"Included",-12,1,4,553,2051,1776,,,15299,14979,15176,15325,"HoldTrim",-0.018108165191316812,0.5,1.0,0.4,-0.22592592592592595,0.3,-0.16483983331444116,0.1,0.005319203460798875,0.8,2.220446049250313E-16,0.3,,,0.7,0.2,1.0,0.3,"Restaurants",200
"SCHW",0,"Financial Services",-15,37,1,-18,"Included",6,1,4,750,1439,,442,2027,11230,10801,10299,9739,"HoldTrim",0.49758454106280214,0.5,0.8888888888888888,0.4,0.009259259259259226,0.3,-0.9407171651222844,0.1,-0.9937433353752388,0.8,1.0,0.3,,,,,0.9199999999999999,0.3,"Capital Markets",
"DOW",0,"Basic Materials",-22,10,-31,18,"Included",-16,1,4,423,1778,1011,147,-554,3235,3095,3123,3107,"HoldTrim",-0.7760350918298731,0.5,1.0,0.4,0.6494121105232217,0.3,,,-0.22783385555858582,0.8,1.0,0.3,,,,,0.5782471881835931,0.3,"Chemicals",102
"ARES",0,"Financial Services",-55,18,-1,8,"Included",-6,1,4,1507,1964,3584,1280,1494,14125,13759,13116,13506,"HoldTrim",0.575522575483416,0.5,-0.7933333333333332,0.4,-0.5786008230452675,0.3,-0.3561319474242748,0.1,-0.34132069694975903,0.8,0.8,0.3,,,,,0.6774145823818418,0.3,"Asset Management",
"FICO",1,"Technology",-18,-11,7,28,"Included",-10,0,4,1321,2211,2428,,,117267,112703,115557,126929,"HoldTrim",0.32487379133761146,0.5,-0.3799999999999999,0.4,-0.46954732510288066,0.3,-0.15856488360587884,0.1,0.14766814053276683,0.8,2.220446049250313E-16,0.3,,,0.7,0.2,0.9849302588197364,0.3,"Software - Application",306
"IDXX",1,"Healthcare",-5,-4,2,30,"Included",-4,0,4,1542,3327,2761,2724,7421,55693,56309,56319,59424,"HoldTrim",0.20868534856863635,0.5,-0.8711111111111112,0.4,-0.9525377229080934,0.3,0.32341590715193647,0.1,0.44746557549286997,0.8,-1.0,0.3,0.8,0.3,,,1.0,0.3,"Diagnostics & Research",207
"TDG",1,"Industrials",-20,-37,12,31,"Included",-16,0,4,906,2480,1907,,,120035,123603,124683,127338,"HoldTrim",0.1707017368114273,0.5,0.5422222222222222,0.4,-0.5064373897707232,0.3,0.5823567755970676,0.1,0.5918770286518292,0.8,-1.0,0.3,,,,,1.0,0.3,"Aerospace & Defense",220
"EPAM",0,"Technology",42,-3,-27,4,"Included",-6,0,4,1370,785,671,162,1118,11034,10107,9881,12636,"HoldTrim",0.5447479864551286,0.5,-0.48888888888888893,0.4,1.0,0.3,-0.3440340151838115,0.1,-0.3961284288774668,0.8,2.220446049250313E-16,0.3,,,0.7,0.2,0.9665832839750237,0.3,"Information Technology Services",1142
"STT",0,"Financial Services",-9,46,-7,8,"Included",-9,0,4,1418,1223,,215,1244,18713,18616,17897,15210,"HoldTrim",1.0,0.5,-0.5955555555555556,0.4,0.7287037037037035,0.3,-0.5893474599237645,0.1,-0.4843481105523697,0.8,1.0,0.3,,,,,0.9599999999999997,0.3,"Asset Management",
"WBD",0,"Communication Services",4,32,-4,-4,"Included",1,0,4,1565,58564,1302,218,-879,2855,2736,2696,2532,"HoldTrim",0.30718954248366015,0.5,-0.9222222222222223,0.4,-0.10846560846560832,0.3,-0.8452397541868498,0.1,-0.7884569329522712,0.8,1.0,0.3,,,0.7,0.2,0.6799999999999997,0.3,"Entertainment",2259
"CME",0,"Financial Services",-25,29,-24,11,"Included",-19,0,4,267,2127,2106,373,1580,27498,26438,26110,27177,"HoldTrim",0.13351143955254088,0.5,1.0,0.4,-0.38813443072702325,0.3,-0.6379491805743498,0.1,-0.37263655157908476,0.8,0.8,0.3,,,,,1.0,0.3,"Financial Data & Stock Exchanges",294
"EA",0,"Communication Services",-26,0,-19,14,"Included",-11,0,4,642,2172,3036,777,1646,20970,20921,20905,20894,"HoldTrim",0.1991183497885946,0.5,1.0,0.4,-0.6356652949245543,0.3,-0.6428571428571429,0.1,-0.5146060816098742,0.8,1.0,0.3,,,0.7,0.2,1.0,0.3,"Electronic Gaming & Multimedia",320
"TPL",0,"Energy",-10,-8,,16,"Included",-4,0,3,633,,3537,1701,3657,38364,37440,38676,38532,"HoldTrim",0.12991335157374187,0.5,1.0,0.4,-1.0,0.3,-0.21868146641652253,0.1,0.1543519855671887,0.8,-0.19999999999999996,0.3,,,,,0.7497489220906299,0.3,"Oil & Gas E&P",-12
"DTE",0,"Utilities",-35,-47,33,42,"Included",-32,-1,4,396,1616,1547,232,1103,13522,14073,14356,14297,"HoldTrim",-0.6395424836601308,0.5,1.0,0.4,0.2528512639623752,0.3,,,0.7447492004855253,0.8,-0.8,0.3,0.8,0.3,,,0.8418573115977359,0.3,"Utilities - Regulated Electric",-923
"MAR",0,"Consumer Cyclical",-38,-3,-7,25,"Included",-4,-1,4,1120,2707,2290,,,35639,35959,36469,34350,"HoldTrim",0.10159643436500504,0.5,0.06666666666666665,0.4,-0.6736625514403293,0.3,-0.05637837583693872,0.1,0.13976320537140288,0.8,0.0,0.3,,,0.7,0.2,0.7999999999999998,0.3,"Lodging",222
"PYPL",0,"Financial Services",38,11,-62,-7,"Included",6,-1,4,1298,1062,862,268,2450,6155,5890,5436,5326,"HoldTrim",0.5650206632484874,0.5,-0.3288888888888888,0.4,0.7006074857926712,0.3,-0.5650851477036409,0.1,-0.7932286776773774,0.8,1.0,0.3,,,,,0.9199999999999999,0.3,"Credit Services",
"FDS",0,"Financial Services",15,15,-80,-21,"Included",17,-1,4,687,1522,1280,528,2703,29991,28040,26393,26179,"HoldTrim",0.49118958953367586,0.5,1.0,0.4,-0.0763864393494023,0.3,-0.6456809242171686,0.1,-0.7565483887516121,0.8,1.0,0.3,,,,,0.0667254186302777,0.3,"Financial Data & Stock Exchanges",582
"MCHP",1,"Technology",-18,-14,38,20,"Included",-19,-2,4,1742,1667,3083,640,719,7608,7891,8211,7895,"HoldTrim",0.07798778476161616,0.5,-1.0,0.4,-0.497119341563786,0.3,0.13369714629898888,0.1,0.4028522153077,0.8,-0.8,0.3,,,0.7,0.2,0.4942715851209667,0.3,"Semiconductors",330
"PODD",0,"Healthcare",15,-50,-18,31,"Included",-17,-2,4,1095,1921,1738,722,2602,14816,15013,15577,20720,"HoldTrim",0.1369243449339852,0.5,0.12222222222222223,0.4,-0.42817950225357637,0.3,0.303361455503663,0.1,0.6527055283993745,0.8,-1.0,0.3,0.8,0.3,,,0.5045915598602162,0.3,"Medical Devices",231
"EXC",0,"Utilities",9,-41,-21,41,"Included",-15,-2,4,396,1443,1150,152,971,4378,4548,4591,4602,"HoldTrim",-0.6826797385620916,0.5,1.0,0.4,0.65851459925534,0.3,,,0.8041633079175052,0.8,-1.0,0.3,0.8,0.3,,,0.7973181811830017,0.3,"Utilities - Regulated Electric",-595
"D",0,"Utilities",-30,-12,-7,38,"Included",-4,-2,4,630,1746,1413,210,828,6660,6844,6834,6509,"HoldTrim",-0.7294117647058823,0.5,1.0,0.4,0.3288261806780325,0.3,,,0.31212192898923197,0.8,0.0,0.3,0.8,0.3,,,0.9333333333333333,0.3,"Utilities - Regulated Electric",-1567
"PSKY",0,"Communication Services",13,-1,-65,1,"Included",-6,-2,4,1471,1204,823,99,-90,1035,961,955,1122,"HoldTrim",0.30718954248366015,0.5,-0.7133333333333334,0.4,0.9933960415441896,0.3,-0.26792187421175084,0.1,-0.2786675361269482,0.8,2.220446049250313E-16,0.3,,,0.7,0.2,0.4485789152078401,0.3,"Entertainment",15151
"KLAC",1,"Technology",-14,-6,0,43,"Included",-5,-3,4,1458,2786,3991,3787,8750,18399,19802,20458,17438,"HoldTrim",0.131702287322478,0.5,-0.6844444444444444,0.4,-0.8041152263374486,0.3,0.32045154494999073,0.1,0.48751335843119575,0.8,0.0,0.3,,,0.7,0.2,1.0,0.3,"Semiconductor Equipment & Materials",109
"CNP",0,"Utilities",-28,-44,19,46,"Included",-23,-3,4,461,1858,1290,218,983,3877,4101,4198,4154,"HoldTrim",-0.6787581699346404,0.5,1.0,0.4,0.3483637076229669,0.3,,,0.8011290736463945,0.8,-0.8,0.3,0.8,0.3,,,1.0,0.3,"Utilities - Regulated Electric",-2033
"DELL",0,"Technology",-11,56,-13,8,"Included",-14,-3,4,1401,1977,2182,,,44208,44755,41575,28232,"HoldTrim",-0.0040998425584924825,0.5,-0.5577777777777777,0.4,-0.3732510288065844,0.3,-0.14668740666135036,0.1,-0.4217740622301559,0.8,0.5999999999999999,0.3,,,0.7,0.2,0.6000000000000001,0.3,"Computer Hardware",190
"BLDR",0,"Industrials",7,-39,-11,19,"Included",-13,-3,4,1418,1572,1245,189,251,7021,7209,7459,9150,"HoldTrim",-0.15988349506702002,0.5,-0.5955555555555556,0.4,0.5043405839702136,0.3,0.15665553384863423,0.1,0.7022305900118734,0.8,-1.0,0.3,,,,,0.15049280223650385,0.3,"Building Products & Equipment",615
"COST",0,"Consumer Defensive",-13,-22,-13,20,"Included",-5,-3,4,860,4183,3036,2542,2915,94774,94993,95478,96297,"HoldTrim",0.094473511922757,0.5,0.6444444444444444,0.4,-1.0,0.3,0.0679615989809148,0.1,0.2034400129233523,0.8,-1.0,0.3,0.8,0.3,,,1.0,0.3,"Discount Stores",165
"UDR",0,"Real Estate",-36,-24,6,30,"Included",-18,-3,4,691,6745,1832,419,1374,3777,3808,3838,3766,"HoldTrim",0.3300448094135099,0.5,1.0,0.4,-0.7611111111111112,0.3,0.06155651384966854,0.1,0.2092032402645326,0.8,0.0,0.3,0.8,0.3,,,0.6690032803247337,0.3,"REIT - Residential",
"MAS",0,"Industrials",42,-17,-15,10,"Included",-16,-3,4,1296,1573,1170,,586250,7329,7508,7500,7169,"HoldTrim",0.888199924376107,0.5,-0.32444444444444454,0.4,0.45173427395649607,0.3,0.07452197651394998,0.1,0.19435068196271646,0.8,0.0,0.3,,,,,0.019199625951475396,0.3,"Building Products & Equipment",621
"ZBRA",0,"Technology",-12,23,5,-10,"Included",2,-3,4,1583,1656,1709,514,1529,36851,34551,30661,27095,"HoldTrim",0.10330603584518168,0.5,-0.9622222222222223,0.4,-0.3401332549480698,0.3,-0.6664487029876345,0.1,-1.0,0.8,1.0,0.3,,,0.7,0.2,0.7902514641831022,0.3,"Communication Equipment",331
"LULU",0,"Consumer Cyclical",52,-30,-60,25,"Included",-30,-3,4,863,1076,560,287,3203,12107,11997,12141,14741,"HoldTrim",0.5624238232240607,0.5,0.6377777777777778,0.4,0.8002057613168722,0.3,0.09220235145235511,0.1,0.3568699782178554,0.8,-0.6000000000000001,0.3,,,0.7,0.2,0.7851832205264517,0.3,"Apparel Retail",825
"CLX",0,"Consumer Defensive",-28,20,-71,20,"Included",-26,-3,4,541,1696,1625,14340,16376,10669,10396,10070,10396,"HoldTrim",-0.0811881717807477,0.5,1.0,0.4,-0.30666274740348815,0.3,-0.15746002983569723,0.1,-0.3075178321256861,0.8,0.8,0.3,0.8,0.3,,,0.6522137826345753,0.3,"Household & Personal Products",86
"HPQ",0,"Technology",13,30,-74,-13,"Included",9,-3,4,1194,988,729,,,2971,2868,2661,2415,"HoldTrim",0.7230888882680724,0.5,-0.09777777777777774,0.4,1.0,0.3,-0.6262031722392707,0.1,-0.7851679412212871,0.8,1.0,0.3,,,0.7,0.2,-2.220446049250313E-16,0.3,"Computer Hardware",
"SNPS",1,"Technology",-29,-67,45,33,"Included",-34,-4,4,1213,2305,4984,250,382,39787,40520,41925,45688,"HoldTrim",0.11059027725170965,0.5,-0.1399999999999999,0.4,-0.20919067215363504,0.3,0.33631120557938576,0.1,0.6843144069384658,0.8,-1.0,0.3,,,0.7,0.2,0.7733333333333334,0.3,"Software - Infrastructure",465
"CARR",1,"Industrials",-23,-47,24,33,"Included",-26,-4,4,1309,1826,1977,379,897,6037,6328,6512,6371,"HoldTrim",-0.305657336564315,0.5,-0.3533333333333333,0.4,-0.30449735449735454,0.3,0.2243562163398398,0.1,0.6242562752529756,0.8,-0.8,0.3,,,,,0.9980444288075643,0.3,"Building Products & Equipment",173
"DASH",0,"Consumer Cyclical",-15,16,-9,0,"Included",-12,-4,4,1770,2816,6602,976,889,22349,20926,19526,19394,"HoldTrim",0.4203306746292256,0.5,-1.0,0.4,-0.8123456790123457,0.3,-0.5699118589862102,0.1,-0.8535436471349712,0.8,1.0,0.3,,,0.7,0.2,1.0,0.3,"Internet Retail",529
"EBAY",0,"Consumer Cyclical",17,-20,-32,32,"Included",-21,-4,4,1355,1547,1620,1013,4661,10413,10667,10839,10211,"HoldTrim",0.23382903502714175,0.5,-0.4555555555555555,0.4,-0.26313932980599647,0.3,0.08896986318603095,0.1,0.24943147454049697,0.8,0.0,0.3,,,0.7,0.2,0.9684925436934175,0.3,"Internet Retail",341
"CPT",0,"Real Estate",-19,-24,-7,28,"Included",-10,-4,4,789,9871,1783,290,789,10759,10995,11064,10834,"HoldTrim",-0.45166275718321425,0.5,0.8022222222222222,0.4,-0.4962962962962963,0.3,,,0.37267616525788666,0.8,-0.8,0.3,0.8,0.3,,,0.8191983037212243,0.3,"REIT - Residential",
"NDSN",0,"Industrials",-18,55,2,-17,"Included",4,-4,4,964,2567,2110,578,1776,33224,30991,30043,27737,"HoldTrim",0.27365106841133174,0.5,0.41333333333333333,0.4,-0.7440329218106997,0.3,-0.9605530080675663,0.1,-1.0,0.8,1.0,0.3,,,,,1.0,0.3,"Specialty Industrial Machinery",332
"XOM",0,"Energy",-20,64,-16,-2,"Included",-13,-4,4,173,1546,1056,262,1258,16511,15871,15346,14296,"HoldTrim",-0.10836766758188146,0.5,1.0,0.4,0.4762884577699394,0.3,-0.31662505588971895,0.1,-0.7626095818947038,0.8,1.0,0.3,,,,,1.0,0.3,"Oil & Gas Integrated",304
"LUV",1,"Industrials",-8,-19,-13,20,"Included",-8,-5,4,1143,820,977,279,1110,4038,4431,4525,4238,"HoldTrim",-0.6372549019607843,0.5,0.015555555555555545,0.4,0.6857828728199098,0.3,,,0.6344183838641173,0.8,-0.8,0.3,,,,,0.16199594055073896,0.3,"Airlines",-423
"WMT",0,"Consumer Defensive",-28,-35,10,44,"Included",-22,-5,4,605,3216,1900,875,2231,10370,11180,11408,11567,"HoldTrim",-0.053324094225651625,0.5,1.0,0.4,-0.8691749951009211,0.3,0.3817544156164565,0.1,0.8346394420878568,0.8,-1.0,0.3,0.8,0.3,,,1.0,0.3,"Discount Stores",109
"SMCI",0,"Technology",-9,22,-40,7,"Included",-14,-5,4,1967,699,1022,223,2147,3724,3402,3218,3335,"HoldTrim",-0.20634920634920634,0.5,-1.0,0.4,0.7711640211640213,0.3,-0.16433100315168814,0.1,-0.6561379782393226,0.8,0.8,0.3,,,0.7,0.2,1.0,0.3,"Computer Hardware",-3417
"MOS",0,"Basic Materials",-27,3,-40,5,"Included",-21,-5,4,821,1520,798,68,-507,2441,2255,2252,2488,"HoldTrim",-1.0,0.5,0.731111111111111,0.4,0.9199294532627865,0.3,,,-0.27209567588714595,0.8,2.220446049250313E-16,0.3,,,,,1.0,0.3,"Agricultural Inputs",-962
"TSCO",0,"Consumer Cyclical",-15,-14,-33,20,"Included",-7,-5,4,452,1705,1271,696,3951,3498,3400,3315,4102,"HoldTrim",-0.14372386234757697,0.5,1.0,0.4,-0.12183029590437007,0.3,-0.059487029061702446,0.1,-0.053057834907641106,0.8,2.220446049250313E-16,0.3,,,0.7,0.2,1.0,0.3,"Specialty Retail",57
"QCOM",0,"Technology",40,-26,-40,34,"Included",-33,-6,4,1663,1576,1465,614,3375,16075,16404,17299,17102,"HoldTrim",0.5406216369792336,0.5,-1.0,0.4,-0.189084852047815,0.3,0.18043483621539091,0.1,0.5617404708880732,0.8,-0.8,0.3,,,0.7,0.2,1.0,0.3,"Semiconductors",607
"VMC",0,"Basic Materials",-20,-33,-1,20,"Included",-16,-6,4,1057,2558,1732,422,1323,27604,27984,28350,28800,"HoldTrim",-0.0790654874390505,0.5,0.20666666666666655,0.4,-0.4553203997648443,0.3,0.09733396520242668,0.1,0.4153710609691442,0.8,-1.0,0.3,,,,,0.9679251375467146,0.3,"Building Materials",236
"CMS",0,"Utilities",-27,-53,13,50,"Included",-23,-6,4,339,1642,1369,224,916,6827,7119,7264,7368,"HoldTrim",-0.7006535947712419,0.5,1.0,0.4,0.35471291397217336,0.3,,,0.9963299818691402,0.8,-1.0,0.3,0.8,0.3,,,1.0,0.3,"Utilities - Regulated Electric",-1027
"ODFL",0,"Industrials",-15,-3,-26,28,"Included",-12,-6,4,1177,3109,2373,942,2482,20647,21336,21725,19938,"HoldTrim",0.8352670203902899,0.5,-0.06000000000000005,0.4,-0.8927297668038409,0.3,0.2304618021767766,0.1,0.33692467018773337,0.8,0.0,0.3,,,,,0.6302729864573098,0.3,"Trucking",226
"IVZ",0,"Financial Services",9,62,-11,-12,"Included",3,-6,4,1596,982,1270,142,-57,3202,3132,2991,2695,"HoldTrim",-0.0989564313534609,0.5,-0.991111111111111,0.4,0.7400156770527143,0.3,-0.27951892373007653,0.1,-0.6794487690134973,0.8,1.0,0.3,,,,,0.22340321032657107,0.3,"Asset Management",
"IBM",0,"Technology",19,-37,-37,26,"Included",-32,-6,4,705,1791,1695,644,3446,23568,23446,24164,25526,"HoldTrim",0.49166770367466217,0.5,0.9888888888888889,0.4,-0.3697628845776994,0.3,-0.08139790709822481,0.1,0.3709895851814275,0.8,-0.6000000000000001,0.3,,,0.7,0.2,0.8266666666666667,0.3,"Information Technology Services",543
"CSX",0,"Industrials",-16,45,-22,1,"Included",-17,-6,4,1211,2271,1663,679,2436,5159,5049,4933,4382,"HoldTrim",0.07781499400637264,0.5,-0.13555555555555565,0.4,-0.48451891044483636,0.3,-0.9221421151008721,0.1,-0.6054212906720113,0.8,1.0,0.3,,,,,1.0,0.3,"Railroads",204
"PANW",0,"Technology",-34,58,-25,10,"Included",-24,-6,4,893,8693,19594,1052,483,35787,36019,33242,25207,"HoldTrim",-0.2613810962943174,0.5,0.5711111111111111,0.4,-1.0,0.3,-0.1707160023464901,0.1,-0.5128855520037409,0.8,0.5999999999999999,0.3,,,0.7,0.2,1.0,0.3,"Software - Infrastructure",123
"MCD",0,"Consumer Cyclical",-19,-21,-13,31,"Included",-10,-7,4,419,1936,1645,,,27095,27058,27362,29147,"HoldTrim",0.20246052434932565,0.5,1.0,0.4,-0.07463256907701357,0.3,0.15126591574355608,0.1,0.42578366508955523,0.8,-0.6000000000000001,0.3,,,0.7,0.2,1.0,0.3,"Restaurants",327
"HOOD",0,"Financial Services",-19,22,-11,0,"Included",-15,-7,4,2321,3329,,1025,2362,10813,9672,9609,9659,"HoldTrim",0.49758454106280214,0.5,-1.0,0.4,-0.9296296296296296,0.3,-0.6250794236405748,0.1,-0.6033790487787541,0.8,0.8,0.3,,,,,1.0,0.3,"Capital Markets",
"ROK",0,"Industrials",-11,-3,-19,26,"Included",-12,-7,4,1535,2946,2470,1389,3063,43708,44727,45175,42155,"HoldTrim",0.2875601130519418,0.5,-0.8555555555555556,0.4,-0.8480109739369,0.3,0.11772301117297235,0.1,0.22913829419963103,0.8,0.0,0.3,,,,,0.8152064018212539,0.3,"Specialty Industrial Machinery",268
"CDNS",1,"Technology",-38,-43,29,36,"Included",-39,-8,4,1142,3346,4127,1281,2323,31902,32952,34261,33813,"HoldTrim",0.2821955317216006,0.5,0.017777777777777892,0.4,-0.9577503429355282,0.3,0.497140761790948,0.1,0.5951189428813591,0.8,-0.8,0.3,,,0.7,0.2,1.0,0.3,"Software - Application",183
"DHI",0,"Consumer Cyclical",23,-27,-31,15,"Included",-29,-8,4,1375,1261,1143,175,1263,14835,14853,14929,15204,"HoldTrim",0.2374226804513931,0.5,-0.5,0.4,0.669557123260827,0.3,0.0016705280889270924,0.1,0.26797817979890126,0.8,-1.0,0.3,,,0.7,0.2,0.7627549456895728,0.3,"Residential Construction",582
"FCX",0,"Basic Materials",8,70,-31,-14,"Included",2,-8,4,1379,1859,1345,547,1475,7666,6778,6546,5958,"HoldTrim",-0.0995903832980575,0.5,-0.508888888888889,0.4,-0.203233392122281,0.3,-0.39529353915318827,0.1,-1.0,0.8,1.0,0.3,,,,,1.0,0.3,"Copper",196
"ISRG",1,"Healthcare",-15,-53,5,32,"Included",-18,-9,4,1460,3138,3079,738,1742,37881,38338,39165,44274,"HoldTrim",0.7807063612902779,0.5,-0.6888888888888889,0.4,-0.9006858710562414,0.3,0.1582120240776257,0.1,0.5081319258242553,0.8,-1.0,0.3,0.8,0.3,,,1.0,0.3,"Medical Instruments & Supplies",193
"MSCI",0,"Financial Services",-30,-29,37,15,"Included",-30,-9,4,1222,2505,2403,,,56349,56971,57812,57631,"HoldTrim",0.28582047037645725,0.5,-0.15999999999999992,0.4,-0.5905349794238683,0.3,0.16293542659518545,0.1,0.31498808542297807,0.8,-0.8,0.3,,,,,0.7574505447256301,0.3,"Financial Data & Stock Exchanges",292
"SBUX",0,"Consumer Cyclical",-35,39,-36,15,"Included",-34,-9,4,966,3437,2498,,,10708,10579,10443,9826,"HoldTrim",0.1700688294827811,0.5,0.40888888888888886,0.4,-0.9740740740740741,0.3,-0.7149019828561329,0.1,-0.4063328824378142,0.8,1.0,0.3,,,0.7,0.2,0.7866666666666666,0.3,"Restaurants",251
"DE",0,"Industrials",-43,52,-20,-4,"Included",-19,-9,4,901,2885,2422,624,1824,64747,61043,60291,56678,"HoldTrim",0.2793391060648619,0.5,0.5533333333333332,0.4,-0.8312757201646092,0.3,-0.9179377561565878,0.1,-0.7110207926626413,0.8,1.0,0.3,,,,,1.0,0.3,"Farm & Heavy Construction Machinery",324
"ABNB",0,"Consumer Cyclical",-14,47,-41,-7,"Included",-16,-9,4,1137,3051,3653,1417,3454,18730,17205,15817,14070,"HoldTrim",0.2587183889367982,0.5,0.028888888888888964,0.4,-0.8768175582990398,0.3,-0.8208700397487987,0.1,-1.0,0.8,1.0,0.3,,,0.7,0.2,1.0,0.3,"Travel Services",286
"PAYX",0,"Technology",-28,13,-69,3,"Included",-25,-9,4,,1950,2970,1185,,12448,11943,11285,10874,"HoldTrim",-0.18518518518518515,0.5,,,-0.5747599451303155,0.3,-0.2874010663590264,0.1,-0.7018339544691045,0.8,1.0,0.3,,,0.7,0.2,0.7096163965184976,0.3,"Software - Application",
"MNST",0,"Consumer Defensive",-17,-39,-18,42,"Included",-10,-10,4,524,3651,3078,1000,2570,4779,6212,7437,7751,"HoldTrim",0.6172125278383397,0.5,1.0,0.4,-1.0,0.3,0.5474861242912883,0.1,0.7649744180235281,0.8,-1.0,0.3,0.8,0.3,,,1.0,0.3,"Beverages - Non - Alcoholic",180
"COIN",0,"Financial Services",-10,6,-38,-9,"Included",-14,-10,4,3361,6482,6730,376,-785,18649,15836,16151,20057,"HoldTrim",0.13878166574811718,0.5,-1.0,0.4,-0.7703703703703704,0.3,-0.39267988764282247,0.1,-0.5233360485900659,0.8,2.220446049250313E-16,0.3,,,,,1.0,0.3,"Financial Data & Stock Exchanges",542
"NSC",0,"Industrials",-22,43,-17,-5,"Included",-18,-10,4,1269,2452,1675,485,1699,35072,33916,33086,31072,"HoldTrim",-0.037982075146038144,0.5,-0.2644444444444445,0.4,-0.5127474034881443,0.3,-0.3741638285402809,0.1,-0.7275935761017136,0.8,1.0,0.3,,,,,0.7866666666666666,0.3,"Railroads",175
"RVTY",0,"Healthcare",-23,49,-24,0,"Included",-23,-10,4,1072,2117,1854,193,321,12475,11640,11141,10189,"HoldTrim",-0.060309884307648214,0.5,0.17333333333333334,0.4,0.02519106407995291,0.3,-0.3985100529100529,0.1,-1.0,0.8,1.0,0.3,0.8,0.3,,,1.0,0.3,"Diagnostics & Research",435
"CAT",0,"Industrials",-19,1,-17,31,"Included",-19,-11,4,1605,2565,2583,1962,5697,82790,85131,87270,77319,"HoldTrim",0.033161208325235524,0.5,-1.0,0.4,-0.7434842249657064,0.3,0.045625536498199226,0.1,0.2969349570430562,0.8,0.0,0.3,,,,,1.0,0.3,"Farm & Heavy Construction Machinery",133
"AXON",0,"Industrials",-65,15,-14,-3,"Included",-18,-11,4,1397,5945,31589,1388,622,62775,59170,54865,53854,"HoldTrim",-0.2733623446684304,0.5,-0.548888888888889,0.4,-1.0,0.3,-0.22043021080392733,0.1,-0.722566667683105,0.8,1.0,0.3,,,,,0.8399999999999999,0.3,"Aerospace & Defense",44
"PLTR",0,"Technology",-12,28,-16,-9,"Included",-15,-11,4,1563,7775,15899,4423,3810,17994,16159,14806,14867,"HoldTrim",0.09362738013051998,0.5,-0.9177777777777778,0.4,-1.0,0.3,-0.6177599719413929,0.1,-0.9964293982395404,0.8,0.8,0.3,,,0.7,0.2,1.0,0.3,"Software - Infrastructure",50
"TECH",0,"Healthcare",-28,48,-25,8,"Included",-28,-11,4,1277,3121,3186,543,903,7232,7184,6829,6131,"HoldTrim",-0.10930904927080684,0.5,-0.28222222222222215,0.4,-0.8960219478737997,0.3,-0.31502156620964145,0.1,-0.8170001314746079,0.8,1.0,0.3,0.8,0.3,,,1.0,0.3,"Biotechnology",199
"PSX",0,"Energy",-15,59,-39,-17,"Included",-13,-11,4,687,1143,1154,308,2345,24287,22387,20631,17408,"HoldTrim",0.31131648036051074,0.5,1.0,0.4,0.44981383499902006,0.3,-0.8779952760026819,0.1,-1.0,0.8,1.0,0.3,,,,,1.0,0.3,"Oil & Gas Refining & Marketing",467
"NKE",0,"Consumer Cyclical",8,-46,-30,36,"Included",-29,-12,4,1118,1779,1268,407,2214,4076,4129,4249,5161,"HoldTrim",0.2755537808269864,0.5,0.07111111111111112,0.4,0.03167744464040778,0.3,0.43122943715939566,0.1,0.6732619037705112,0.8,-1.0,0.3,,,0.7,0.2,1.0,0.3,"Footwear & Accessories",312
"F",0,"Consumer Cyclical",-27,19,-37,37,"Included",-32,-12,4,1848,753,2599,161,-1825,1441,1419,1413,1344,"HoldTrim",-1.0,0.5,-1.0,0.4,0.3685185185185185,0.3,,,-0.03662987197756583,0.8,1.0,0.3,,,0.7,0.2,0.9466666666666668,0.3,"Auto Manufacturers",-1382
"MRNA",0,"Healthcare",-23,76,-84,2,"Included",-24,-12,4,899,-3169,-2464,856,-3900,14513,8389,6984,5218,"HoldTrim",-0.8002799463787285,0.5,0.5577777777777777,0.4,-1.0,0.3,,,-1.0,0.8,1.0,0.3,0.8,0.3,,,1.0,0.3,"Biotechnology",52
"PNW",0,"Utilities",-24,-30,-18,40,"Included",-15,-13,4,444,1749,1319,168,937,9736,10109,10253,9935,"HoldTrim",-0.6937908496732026,0.5,1.0,0.4,0.4555163629237702,0.3,,,0.6294667837618384,0.8,-0.8,0.3,0.8,0.3,,,1.0,0.3,"Utilities - Regulated Electric",-788
"LEN",0,"Consumer Cyclical",10,-24,-64,29,"Included",-28,-13,4,1398,1343,1116,97,737,8702,8610,8682,9888,"HoldTrim",0.23957915229215493,0.5,-0.5511111111111111,0.4,0.8002351557907113,0.3,-0.018558236566165287,0.1,0.35519104754735026,0.8,2.220446049250313E-16,0.3,,,0.7,0.2,0.4665911980972519,0.3,"Residential Construction",514
"NEE",0,"Utilities",-57,-28,-9,37,"Included",-22,-15,4,653,1895,2007,305,1168,8365,8613,8720,8676,"HoldTrim",-0.6183006535947713,0.5,1.0,0.4,-0.19855967078189313,0.3,,,0.5484923959080862,0.8,-0.8,0.3,0.8,0.3,,,1.0,0.3,"Utilities - Regulated Electric",-1018
"TTD",0,"Communication Services",47,-61,-64,38,"Included",-64,-15,4,1037,1324,737,253,1544,1318,1521,1731,2639,"HoldTrim",0.3930164352022557,0.5,0.25111111111111106,0.4,0.7226435430139131,0.3,0.8832088413055095,0.1,0.9701664638482902,0.8,-1.0,0.3,,,0.7,0.2,0.20151990205493853,0.3,"Advertising Agencies",941
"INTC",0,"Technology",-41,1,-21,40,"Included",-25,-16,4,2241,4415,2914,519,-1071,9007,9787,10119,7866,"HoldTrim",-0.6605103205697294,0.5,-1.0,0.4,-1.0,0.3,,,0.40350092536344434,0.8,0.0,0.3,,,0.7,0.2,1.0,0.3,"Semiconductors",102
"EL",0,"Consumer Defensive",-27,33,-33,-5,"Included",-28,-16,4,1246,2611,1736,969,475,10194,8880,8604,8841,"HoldTrim",0.16048611056523554,0.5,-0.21333333333333337,0.4,-0.616421712718009,0.3,-0.736690859029365,0.1,-1.0,0.8,0.8,0.3,0.8,0.3,,,1.0,0.3,"Household & Personal Products",
"ROL",0,"Consumer Cyclical",-17,-93,-21,45,"Included",-18,-18,4,744,2838,2169,1242,3701,3691,3777,4122,5018,"HoldTrim",0.3068891342761203,0.5,0.9022222222222223,0.4,-0.8183813443072702,0.3,0.6390320277004597,0.1,0.8814031150447067,0.8,-1.0,0.3,,,0.7,0.2,1.0,0.3,"Personal Services",283
"CRL",0,"Healthcare",-40,58,-23,-4,"Included",-29,-18,4,1376,2327,2000,496,-752,29519,26794,24017,19978,"HoldTrim",-0.3028273830916492,0.5,-0.5022222222222221,0.4,-0.6707818930041153,0.3,-0.341627250373467,0.1,-1.0,0.8,1.0,0.3,0.8,0.3,,,0.7324600665469756,0.3,"Diagnostics & Research",330
"MLM",0,"Basic Materials",-40,-54,3,33,"Included",-39,-20,4,1106,2486,1805,278,889,53492,54485,56013,59244,"HoldTrim",-0.2878427999594166,0.5,0.09777777777777774,0.4,-0.20752498530276325,0.3,0.18371681789174776,0.1,0.6974089459326335,0.8,-1.0,0.3,,,,,1.0,0.3,"Building Materials",185
"NCLH",0,"Consumer Cyclical",-11,-45,-23,24,"Included",-26,-21,4,1903,1022,913,308,3673,1724,1859,1902,2024,"HoldTrim",-0.3464052287581699,0.5,-1.0,0.4,0.6105232216343326,0.3,,,0.6925070650391202,0.8,-1.0,0.3,,,0.7,0.2,0.16988390100305095,0.3,"Travel Services",-2123
"TSLA",0,"Consumer Cyclical",-40,-24,-29,26,"Included",-30,-29,4,1827,16810,13076,1650,467,36286,34210,35878,38562,"HoldTrim",-0.5818372080307754,0.5,-1.0,0.4,-1.0,0.3,,,0.05396133035362473,0.8,2.220446049250313E-16,0.3,,,0.7,0.2,1.0,0.3,"Auto Manufacturers",34
